"","LA_CODE","LA_NAME","EST_CARERS_IN_LA","CENSUS_NO_OF_CARERS","Difference","Coverage","MISSING_PRACTICES","MISSING_PATIENTS","maj_ICB","maj_ICB_code","rural_urban_classification","broad_rural_urban_classification","population_2020","PERCENT_DEPRIVATION","prop_female","prop_over65","prop_under25","prop_over50hours","prop_lowintensity"
"1","E06000032","Luton",2154.78918932971,16099,13944.2108106703,0.133846151272111,1,1,"NHS Bedfordshire, Luton and Milton Keynes ","E54000024","Urban with City and Town","Predominantly Urban",213528,0.586901444134786,0.583540372670807,0.164285714285714,0.0950310559006211,0.302144855455393,0.294373640037302
"2","E07000066","Basildon",2198.09312784578,15443,13244.9068721542,0.14233588861269,NA,0,"NHS Mid and South Essex ","E54000026","Urban with City and Town","Predominantly Urban",187558,0.538297342954048,0.601618122977346,0.221359223300971,0.0728155339805825,0.321775761503564,0.342838626053143
"3","E07000068","Brentwood",869.452253643372,5999,5129.54774635663,0.144932864417965,NA,0,"NHS Mid and South Essex ","E54000026","Urban with Significant Rural","Urban with Significant Rural",77242,0.445457918496073,0.603333333333333,0.255,0.0525,0.25895087427144,0.434637801831807
"4","E06000005","Darlington",1451.82757303132,9804,8352.17242696868,0.148085227767373,NA,0,"NHS North East and North Cumbria ","E54000050","Urban with City and Town","Predominantly Urban",107402,0.513972647545843,0.59234693877551,0.244387755102041,0.0709183673469388,0.316138917262513,0.334525025536262
"5","E06000055","Bedford",2148.46086245851,14332,12183.5391375415,0.149906563107627,NA,0,"NHS Bedfordshire, Luton and Milton Keynes ","E54000024","Urban with Significant Rural","Urban with Significant Rural",174687,0.483602401601067,0.590163934426229,0.21625392396233,0.0868503662364841,0.271109560362875,0.377529658060014
"6","E08000028","Sandwell",4590.1046852755,29593,25002.8953147245,0.155107785127412,NA,0,"NHS Black Country ","E54000062","Urban with Major Conurbation","Predominantly Urban",329042,0.620796351463407,0.584656978709023,0.188746198039878,0.0849949307198378,0.341385135135135,0.257432432432432
"7","E07000069","Castle Point",1405.21790533954,8130,6724.78209466046,0.172843530792071,NA,0,"NHS Mid and South Essex ","E54000026","Urban with City and Town","Predominantly Urban",90524,0.561689266896681,0.593480934809348,0.296432964329643,0.0553505535055351,0.320812807881773,0.338669950738916
"8","E07000067","Braintree",2283.11608676717,12653,10369.8839132328,0.180440692860758,NA,0,"NHS Mid and South Essex ","E54000026","Largely Rural","Predominantly Rural",153091,0.500092330419796,0.596914556962025,0.247626582278481,0.0625,0.299526440410418,0.38516179952644
"9","E08000019","Sheffield",9092.14426556162,49009,39916.8557344384,0.18551988952155,3,15920,"NHS South Yorkshire ","E54000061","Urban with Minor Conurbation","Predominantly Urban",589214,0.546290148738952,0.586224489795918,0.221632653061224,0.0795918367346939,0.312040816326531,0.338265306122449
"10","E07000146","King's Lynn and West Norfolk",2745.45833001562,14334,11588.5416699844,0.191534695829191,NA,0,"NHS Norfolk and Waveney ","E54000022","Largely Rural","Predominantly Rural",151245,0.560328471481086,0.589323098394976,0.306001395673412,0.0624563852058618,0.34390243902439,0.328571428571429
"11","E07000008","Cambridge",1680.21245499314,8714,7033.78754500686,0.192817587215187,NA,0,"NHS Cambridgeshire and Peterborough ","E54000056","Urban with City and Town","Predominantly Urban",125063,0.434974843726178,0.567412507171543,0.195065978198508,0.130808950086059,0.232970807097882,0.471093302804808
"12","E07000070","Chelmsford",2659.47729836053,13700,11040.5227016395,0.194122430537265,NA,0,"NHS Mid and South Essex ","E54000026","Urban with City and Town","Predominantly Urban",179549,0.454305531610148,0.596715328467153,0.254014598540146,0.0576642335766423,0.269076305220884,0.428258488499452
"13","E07000073","Harlow",1420.84504059733,7246,5825.15495940267,0.196086812116662,NA,0,"NHS Hertfordshire and West Essex ","E54000025","Urban with City and Town","Predominantly Urban",87280,0.570688926458157,0.598620689655172,0.204137931034483,0.0875862068965517,0.304077401520387,0.346233586731168
"14","E07000072","Epping Forest",2064.62600419995,10470,8405.37399580005,0.197194460764083,NA,0,"NHS Hertfordshire and West Essex ","E54000025","Urban with Significant Rural","Urban with Significant Rural",132175,0.488883186392214,0.608114558472554,0.23436754176611,0.0563245823389021,0.272683858643744,0.412129894937918
"15","E07000129","Blaby",1790.12309504047,9051,7260.87690495953,0.197781802567724,1,84,"NHS Leicester, Leicestershire and Rutland ","E54000015","Urban with City and Town","Predominantly Urban",101950,0.463722842043453,0.592265193370166,0.261878453038674,0.0502762430939227,0.277041942604857,0.396247240618102
"16","E08000016","Barnsley",4921.40217700796,24732,19810.597822992,0.19898925186026,1,6425,"NHS South Yorkshire ","E54000061","Urban with Minor Conurbation","Predominantly Urban",248071,0.572080367967571,0.598382204246714,0.233569261880688,0.0622851365015167,0.342504551891564,0.288084159417358
"17","E06000034","Thurrock",2525.4197265179,12671,10145.5802734821,0.199307057573822,NA,0,"NHS Mid and South Essex ","E54000026","Urban with Major Conurbation","Predominantly Urban",175531,0.543441252240987,0.6,0.196055226824458,0.0808678500986193,0.322415153906867,0.321231254932912
"18","E07000148","Norwich",2164.23577047664,10634,8469.76422952336,0.203520384660207,NA,0,"NHS Norfolk and Waveney ","E54000022","Urban with City and Town","Predominantly Urban",142177,0.550380862253525,0.57761053621825,0.210724365004704,0.102069614299153,0.291549295774648,0.373708920187793
"19","E06000031","Peterborough",3368.48544641481,16244,12875.5145535852,0.207367978725364,NA,0,"NHS Cambridgeshire and Peterborough ","E54000056","Urban with City and Town","Predominantly Urban",202626,0.549501378160009,0.588741925561366,0.202399261765611,0.0812057828360504,0.312096029547553,0.321021852877809
"20","E06000004","Stockton-on-Tees",3806.68434999103,18223,14416.315650009,0.208894493222358,NA,0,"NHS North East and North Cumbria ","E54000050","Urban with City and Town","Predominantly Urban",197419,0.516494143773058,0.599725651577503,0.227434842249657,0.0683127572016461,0.339824465167307,0.293746571585299
"21","E07000109","Gravesham",1927.29673980356,8986,7058.70326019644,0.214477714200262,NA,0,"NHS Kent and Medway ","E54000032","Urban with Major Conurbation","Predominantly Urban",106890,0.548581152334388,0.600667408231368,0.211345939933259,0.0789766407119021,0.329261521377013,0.326485285952249
"22","E07000174","Mansfield",2650.66390619201,12072,9421.33609380799,0.21957123146057,1,452,"NHS Nottingham and Nottinghamshire ","E54000060","Urban with City and Town","Predominantly Urban",109351,0.575057255881741,0.586164043082022,0.223280861640431,0.0625517812758906,0.322180916976456,0.326724494010739
"23","E08000033","Calderdale",3977.67196979467,17977,13999.3280302053,0.221264502964603,NA,0,"NHS West Yorkshire ","E54000054","Urban with Major Conurbation","Predominantly Urban",211439,0.522248994208409,0.598110061145081,0.217065036131184,0.0725403001667593,0.277051460361613,0.374687065368567
"24","E07000138","Lincoln",1742.35080872417,7842,6099.64919127583,0.222181944494283,NA,0,"NHS Lincolnshire ","E54000013","Urban with City and Town","Predominantly Urban",100049,0.548463746294641,0.58609693877551,0.209821428571429,0.110969387755102,0.338010204081633,0.318877551020408
"25","E06000042","Milton Keynes",4602.4112462207,20604,16001.5887537793,0.223374647943152,1,7815,"NHS Bedfordshire, Luton and Milton Keynes ","E54000024","Urban with City and Town","Predominantly Urban",270203,0.487489169068628,0.581028626880155,0.199175157690442,0.0803008248423096,0.291019417475728,0.362378640776699
"26","E06000033","Southend-on-Sea",3364.43707395001,15019,11654.56292605,0.224012056325322,2,1270,"NHS Mid and South Essex ","E54000026","Urban with City and Town","Predominantly Urban",182773,0.544176963136935,0.5997335997336,0.237762237762238,0.0705960705960706,0.304029304029304,0.353979353979354
"27","E06000002","Middlesbrough",2811.70582127649,12537,9725.2941787235,0.224272618750618,3,19291,"NHS North East and North Cumbria ","E54000050","Urban with City and Town","Predominantly Urban",141285,0.578391025853772,0.602553870710295,0.197525937749401,0.0849960095770152,0.352354349561053,0.249401436552275
"28","E07000075","Rochford",1644.88493141823,7215,5570.11506858177,0.227981279475846,1,3969,"NHS Mid and South Essex ","E54000026","Urban with City and Town","Predominantly Urban",87627,0.505891948139607,0.593490304709141,0.277008310249307,0.054016620498615,0.289583333333333,0.402083333333333
"29","E07000107","Dartford",2004.38608490955,8663,6658.61391509045,0.231373206153705,NA,0,"NHS Kent and Medway ","E54000032","Urban with Major Conurbation","Predominantly Urban",114051,0.478160014005602,0.604503464203233,0.183602771362587,0.0773672055427252,0.31199538638985,0.359284890426759
"30","E06000046","Isle of Wight",3339.38847213559,14205,10865.6115278644,0.235085425704723,NA,0,"NHS Hampshire and Isle of Wight ","E54000042","Mainly Rural","Predominantly Rural",142296,0.558950212273254,0.590989088349173,0.305526223160859,0.058078141499472,0.344014084507042,0.339788732394366
"31","E07000202","Ipswich",2654.16200450677,11270,8615.83799549323,0.235506832698028,1,243,"NHS Suffolk and North East Essex ","E54000023","Urban with City and Town","Predominantly Urban",135979,0.548019560723948,0.580044345898004,0.211973392461197,0.083370288248337,0.306122448979592,0.349600709849157
"32","E08000029","Solihull",4752.53873642854,19940,15187.4612635715,0.238341962709556,NA,0,"NHS Birmingham and Solihull ","E54000055","Urban with Major Conurbation","Predominantly Urban",217487,0.492886917068046,0.599197391522448,0.232004013042388,0.0704790569350389,0.299196787148594,0.365963855421687
"33","E06000056","Central Bedfordshire",5664.48427111531,23551,17886.5157288847,0.240519904510013,NA,0,"NHS Bedfordshire, Luton and Milton Keynes ","E54000024","Largely Rural","Predominantly Rural",294096,0.452258310283717,0.594095157179269,0.22536108751062,0.0669073916737468,0.275466893039049,0.407470288624788
"34","E07000139","North Kesteven",2561.52936089256,10628,8066.47063910744,0.241017064442281,NA,0,"NHS Lincolnshire ","E54000013","Mainly Rural","Predominantly Rural",118149,0.477318637353155,0.584195672624647,0.289746001881468,0.0634995296331138,0.327212806026365,0.357344632768362
"35","E06000022","Bath and North East Somerset",3625.57491929622,14970,11344.4250807038,0.242189373366481,2,8096,"NHS Bath and North East Somerset, Swindon and Wiltshire ","E54000040","Urban with Significant Rural","Urban with Significant Rural",196357,0.459053627760252,0.599666110183639,0.253756260434057,0.0757929883138564,0.256513026052104,0.433533734134937
"36","E07000227","Horsham",2815.54867341228,11612,8796.45132658772,0.242468883345873,NA,0,"NHS Sussex ","E54000053","Largely Rural","Predominantly Rural",145474,0.4328683662017,0.604130808950086,0.267641996557659,0.0537865748709122,0.244080929832114,0.4739560912613
"37","E06000030","Swindon",4446.17924159519,18318,13871.8207584048,0.242721871470422,1,28,"NHS Bath and North East Somerset, Swindon and Wiltshire ","E54000040","Urban with City and Town","Predominantly Urban",222881,0.507093530283115,0.579694323144105,0.215065502183406,0.0930676855895197,0.297349002459688,0.360481005739273
"38","E07000063","Lewes",2390.81569937471,9810,7419.18430062529,0.243712099834323,NA,0,"NHS Sussex ","E54000053","Urban with Significant Rural","Urban with Significant Rural",103525,0.520829518403223,0.597349643221203,0.282874617737003,0.0581039755351682,0.291900152827305,0.406011207335711
"39","E07000106","Canterbury",3264.68571606926,13384,10119.3142839307,0.24392451554612,NA,0,"NHS Kent and Medway ","E54000032","Urban with City and Town","Predominantly Urban",166762,0.527056684223727,0.595069107209563,0.268210683601046,0.095629435935749,0.311285500747384,0.373692077727952
"40","E07000225","Chichester",2581.51501111573,10490,7908.48498888427,0.246092946722186,NA,0,"NHS Surrey Heartlands ","E54000052","Largely Rural","Predominantly Rural",121508,0.465298052404006,0.606768350810296,0.301239275500477,0.059580552907531,0.273117254528122,0.429933269780744
"41","E07000040","East Devon",3502.00068648117,14191,10688.9993135188,0.246776174087884,1,15051,"NHS Devon ","E54000037","Largely Rural","Predominantly Rural",148080,0.492603461699707,0.602889358703312,0.334038054968288,0.0528541226215645,0.299259781459288,0.39337328163553
"42","E07000012","South Cambridgeshire",3211.64180729836,12879,9667.35819270164,0.249370433053681,1,7716,"NHS Cambridgeshire and Peterborough ","E54000056","Largely Rural","Predominantly Rural",160904,0.415890500925428,0.595108695652174,0.265139751552795,0.0543478260869565,0.233968130586864,0.475320637388263
"43","E07000134","North West Leicestershire",2298.47583608235,9203,6904.52416391765,0.249752888849543,NA,0,"NHS Leicester, Leicestershire and Rutland ","E54000015","Largely Rural","Predominantly Rural",104809,0.484624107798012,0.585551330798479,0.252580119500272,0.0575774035850081,0.298207495926127,0.379141770776752
"44","E07000166","Richmondshire",1038.45970167185,4121,3082.54029832815,0.25199216250227,1,1532,"NHS Humber and North Yorkshire ","E54000051","Mainly Rural","Predominantly Rural",53732,0.458890374331551,0.588592233009709,0.276699029126214,0.0655339805825243,0.283636363636364,0.402424242424242
"45","E09000032","Wandsworth",4467.02793551605,17705,13237.9720644839,0.252303187546798,1,143,"NHS South West London ","E54000031","Urban with Major Conurbation","Predominantly Urban",329735,0.416370676604169,0.604519774011299,0.155084745762712,0.0740112994350283,0.240542066629023,0.404009034443817
"46","E07000111","Sevenoaks",2529.73867723014,9983,7453.26132276986,0.253404655637598,NA,0,"NHS Kent and Medway ","E54000032","Largely Rural","Predominantly Rural",121387,0.453267500459062,0.603603603603604,0.249249249249249,0.0610610610610611,0.280140070035018,0.423211605802901
"47","E07000132","Hinckley and Bosworth",2608.07284366106,10242,7633.92715633894,0.254644878310981,NA,0,"NHS Leicester, Leicestershire and Rutland ","E54000015","Largely Rural","Predominantly Rural",113666,0.48587319243604,0.586543149683081,0.27206240858118,0.052657240370551,0.289473684210526,0.40009746588694
"48","E07000218","North Warwickshire",1563.18154031438,6131,4567.81845968562,0.254963552489705,NA,0,"NHS Coventry and Warwickshire ","E54000018","Mainly Rural","Predominantly Rural",65452,0.527483683828861,0.593165174938975,0.267697314890155,0.0561432058584215,0.32,0.355918367346939
"49","E06000007","Warrington",4926.4635763234,19099,14172.5364236766,0.257943535071124,NA,0,"NHS Cheshire and Merseyside ","E54000008","Urban with City and Town","Predominantly Urban",209397,0.480914091320771,0.582831719445171,0.234231876472128,0.0649044752682544,0.286350537070998,0.374901755305214
"50","E07000143","Breckland",3221.47925122899,12447,9225.52074877101,0.258815718745801,NA,0,"NHS Norfolk and Waveney ","E54000022","Mainly Rural","Predominantly Rural",141255,0.545120193502427,0.584738955823293,0.301204819277108,0.0618473895582329,0.327301970245275,0.344189786891838
"51","E07000010","Fenland",2412.18640507297,9316,6903.81359492703,0.25892941230925,NA,0,"NHS Cambridgeshire and Peterborough ","E54000056","Largely Rural","Predominantly Rural",102080,0.583295526721713,0.581632653061224,0.274436090225564,0.0676691729323308,0.351046698872786,0.307568438003221
"52","E09000011","Greenwich",5039.78482868932,19391,14351.2151713107,0.259903296822718,1,9,"NHS South East London ","E54000030","Urban with Major Conurbation","Predominantly Urban",289034,0.517562164626661,0.595256509409642,0.160866202629544,0.0876514565609693,0.304874903275729,0.324477688934743
"53","E07000113","Swale",3636.73792040955,13929,10292.2620795904,0.26109109917507,NA,0,"NHS Kent and Medway ","E54000032","Largely Rural","Predominantly Rural",151015,0.556799021390551,0.598637015781923,0.221664275466284,0.0875179340028694,0.358117816091954,0.310704022988506
"54","E06000008","Blackburn with Darwen",3468.94280680689,13279,9810.05719319311,0.261235244130348,NA,0,"NHS Lancashire and South Cumbria ","E54000048","Urban with City and Town","Predominantly Urban",150030,0.588425476883285,0.581701807228916,0.184864457831325,0.0918674698795181,0.331075996990218,0.275018811136193
"55","E07000105","Ashford",2917.08222014486,11150,8232.91777985514,0.261621723779808,NA,0,"NHS Kent and Medway ","E54000032","Urban with Significant Rural","Urban with Significant Rural",131018,0.50013996976653,0.599551569506727,0.235874439461883,0.0878923766816144,0.314375279892521,0.355575459023735
"56","E06000016","Leicester",6954.67295349324,26527,19572.3270465068,0.262173368774955,NA,0,"NHS Leicester, Leicestershire and Rutland ","E54000015","Urban with City and Town","Predominantly Urban",354036,0.61223192137407,0.574255559743686,0.168111571805503,0.0993215228043724,0.320822331195775,0.2736703130894
"57","E06000058","Bournemouth, Christchurch and Poole",8773.81823653756,33352,24578.1817634624,0.263067229447636,1,55,"NHS Dorset ","E54000041","Urban with City and Town","Predominantly Urban",396989,0.516998193762152,0.593913955928646,0.261729875580872,0.0730025483435767,0.288542291541692,0.385722855428914
"58","E07000033","Bolsover",2241.46874820297,8508,6266.53125179703,0.263454248730956,NA,0,"NHS Derby and Derbyshire ","E54000058","Urban with Significant Rural","Urban with Significant Rural",81305,0.572757437395423,0.591309453904874,0.245449207281268,0.0628302994715208,0.336075205640423,0.300822561692127
"59","E07000074","Maldon",1648.39936883377,6228,4579.60063116623,0.264675556973951,NA,0,"NHS Mid and South Essex ","E54000026","Mainly Rural","Predominantly Rural",65401,0.503870967741936,0.610441767068273,0.2714859437751,0.0626506024096386,0.292035398230089,0.392598551890587
"60","E09000004","Bexley",5107.70211542366,19284,14176.2978845763,0.264867357157418,NA,0,"NHS South East London ","E54000030","Urban with Major Conurbation","Predominantly Urban",249301,0.514811278187599,0.60399377593361,0.216545643153527,0.0674273858921162,0.299222797927461,0.351036269430052
"61","E06000012","North East Lincolnshire",3728.44240876719,14053,10324.5575912328,0.265312916015597,NA,0,"NHS Humber and North Yorkshire ","E54000051","Urban with City and Town","Predominantly Urban",159364,0.560321370263226,0.600071225071225,0.250712250712251,0.0658831908831909,0.345551601423488,0.297153024911032
"62","E09000009","Ealing",6470.85322355437,24309,17838.1467764456,0.266191666607198,NA,0,"NHS North West London ","E54000027","Urban with Major Conurbation","Predominantly Urban",340341,0.539653443864191,0.587533429335528,0.169306727010903,0.0796132483028184,0.269602798929821,0.331755505247993
"63","E07000124","Ribble Valley",1428.10281989479,5345,3916.89718010521,0.267184811954124,NA,0,"NHS Lancashire and South Cumbria ","E54000048","Mainly Rural","Predominantly Rural",62026,0.414027741428945,0.602803738317757,0.275700934579439,0.0467289719626168,0.242763772175537,0.443510737628385
"64","E06000001","Hartlepool",2561.46007096772,9554,6992.53992903228,0.268103419611442,NA,0,"NHS North East and North Cumbria ","E54000050","Urban with City and Town","Predominantly Urban",93836,0.578255558270217,0.600523560209424,0.232460732984293,0.0780104712041885,0.353556485355649,0.252615062761506
"65","E08000032","Bradford",12239.7456729659,45643,33403.2543270341,0.268162602654644,1,161,"NHS West Yorkshire ","E54000054","Urban with Major Conurbation","Predominantly Urban",542128,0.570485116764427,0.5960569550931,0.183351588170865,0.0906900328587076,0.310904109589041,0.301150684931507
"66","E07000144","Broadland",3155.92148262528,11752,8596.07851737472,0.26854335284422,NA,0,"NHS Norfolk and Waveney ","E54000022","Urban with Significant Rural","Urban with Significant Rural",131931,0.490122751432677,0.588761174968072,0.301830566198382,0.0493827160493827,0.278486394557823,0.415391156462585
"67","E07000219","Nuneaton and Bedworth",3340.71148077298,12354,9013.28851922702,0.270415369983242,NA,0,"NHS Coventry and Warwickshire ","E54000018","Urban with City and Town","Predominantly Urban",130373,0.549482204078747,0.59052247873633,0.234507897934386,0.0720939651680843,0.331171463315768,0.317794892582083
"68","E08000025","Birmingham",24786.1017607031,91445,66658.8982392969,0.2710492838395,NA,0,"NHS Birmingham and Solihull ","E54000055","Urban with Major Conurbation","Predominantly Urban",1140525,0.595903706642485,0.600448381452318,0.169291338582677,0.0941054243219598,0.322361946418808,0.284964461454347
"69","E09000010","Enfield",6733.4039390452,24611,17877.5960609548,0.273593268824721,1,10,"NHS North Central London ","E54000028","Urban with Major Conurbation","Predominantly Urban",333587,0.578126033741317,0.61357171881349,0.180820804550996,0.086550182852499,0.289024390243902,0.320731707317073
"70","E08000014","Sefton",7999.72391966423,29022,21022.2760803358,0.275643440137283,NA,0,"NHS Cheshire and Merseyside ","E54000008","Urban with Major Conurbation","Predominantly Urban",275899,0.547683082398251,0.589147286821705,0.248578811369509,0.0663221360895779,0.322080606269377,0.308646228039959
"71","E08000034","Kirklees",10253.8591822336,37034,26780.1408177664,0.276876901826258,2,43,"NHS West Yorkshire ","E54000054","Urban with Major Conurbation","Predominantly Urban",441290,0.533709758975223,0.593382849426063,0.216205266711681,0.0764348413234301,0.289089927086146,0.360518498514718
"72","E06000015","Derby",6239.68960401297,22270,16030.310395987,0.280183637360259,1,4807,"NHS Derby and Derbyshire ","E54000058","Urban with City and Town","Predominantly Urban",256814,0.543927232802029,0.580377189043556,0.214863044454423,0.0776829815895824,0.317385444743935,0.318508535489668
"73","E07000193","East Staffordshire",2718.25148100218,9700,6981.74851899783,0.280232111443523,NA,0,"NHS Staffordshire and Stoke-on-Trent ","E54000010","Urban with Significant Rural","Urban with Significant Rural",120923,0.506404382664301,0.58659793814433,0.234536082474227,0.0618556701030928,0.291171915332989,0.38255033557047
"74","E07000130","Charnwood",4196.98604311021,14940,10743.0139568898,0.280922760583013,NA,0,"NHS Leicester, Leicestershire and Rutland ","E54000015","Urban with City and Town","Predominantly Urban",188416,0.470475028799892,0.581605351170569,0.251505016722408,0.0678929765886288,0.278595317725753,0.403678929765886
"75","E07000149","South Norfolk",3467.0368386326,12260,8792.9631613674,0.282792564325661,NA,0,"NHS Norfolk and Waveney ","E54000022","Mainly Rural","Predominantly Rural",143066,0.483268710696947,0.592169657422512,0.298531810766721,0.050163132137031,0.277324632952692,0.418026101141925
"76","E07000175","Newark and Sherwood",3504.89639778811,12376,8871.10360221189,0.283201066401754,NA,0,"NHS Nottingham and Nottinghamshire ","E54000060","Largely Rural","Predominantly Rural",123127,0.508710082694219,0.585050505050505,0.254141414141414,0.0602020202020202,0.303116147308782,0.365439093484419
"77","E06000061","North Northamptonshire",8195.63821823706,28916,20720.3617817629,0.283429181706912,NA,0,"NHS Northamptonshire ","E54000059",NA,NA,NA,0.511556850842085,0.587309820193638,0.23789764868603,0.0677731673582296,0.310619162919405,0.352646143203044
"78","E08000031","Wolverhampton",6525.28545631995,22852,16326.7145436801,0.285545486448449,NA,0,"NHS Black Country ","E54000062","Urban with Major Conurbation","Predominantly Urban",264407,0.59659885296887,0.583059750492449,0.215364412344058,0.0748522652659225,0.328593305622402,0.286370597243492
"79","E07000071","Colchester",4262.15741491803,14880,10617.842585082,0.286435310142341,NA,0,"NHS Suffolk and North East Essex ","E54000023","Urban with Significant Rural","Urban with Significant Rural",197200,0.486375611592021,0.595701813297515,0.239086635325722,0.0728676964405641,0.291288261015809,0.388160107635385
"80","E07000009","East Cambridgeshire",2072.91680065245,7176,5103.08319934755,0.28886800455023,1,11559,"NHS Cambridgeshire and Peterborough ","E54000056","Mainly Rural","Predominantly Rural",90172,0.465928335259805,0.596796657381616,0.26949860724234,0.0577994428969359,0.266759776536313,0.426675977653631
"81","E07000041","Exeter",2886.47326310249,9978,7091.52673689751,0.289283750561484,NA,0,"NHS Devon ","E54000037","Urban with City and Town","Predominantly Urban",133333,0.501826692544811,0.594987468671679,0.225062656641604,0.0992481203007519,0.273046092184369,0.407314629258517
"82","E06000020","Telford and Wrekin",5215.85021415764,18026,12810.1497858424,0.289351504169402,NA,0,"NHS Shropshire, Telford and Wrekin ","E54000011","Urban with City and Town","Predominantly Urban",181322,0.540060122859757,0.585298196948682,0.223855755894591,0.0854368932038835,0.327413984461709,0.330743618201998
"83","E06000010","Kingston upon Hull",6155.14515889511,21241,15085.8548411049,0.289776618751241,NA,0,"NHS Humber and North Yorkshire ","E54000051","Urban with City and Town","Predominantly Urban",259126,0.588159900235555,0.581077900682514,0.211579195104731,0.0802541774535185,0.37385375029391,0.259346343757348
"84","E06000026","Plymouth",6966.06778084922,23956,16989.9322191508,0.290785931743581,NA,0,"NHS Devon ","E54000037","Urban with City and Town","Predominantly Urban",262839,0.545204570650419,0.588480801335559,0.232679465776294,0.0763772954924875,0.335767946577629,0.318864774624374
"85","E09000018","Hounslow",5686.74321816194,19403,13716.2567818381,0.293085771177753,NA,0,"NHS North West London ","E54000027","Urban with Major Conurbation","Predominantly Urban",271767,0.558998067229339,0.582216494845361,0.166494845360825,0.0801546391752577,0.287921710018027,0.314962657738862
"86","E07000173","Gedling",3453.67999386471,11715,8261.32000613529,0.294808364819865,NA,0,"NHS Nottingham and Nottinghamshire ","E54000060","Urban with Minor Conurbation","Predominantly Urban",118239,0.492715951193963,0.601365770379855,0.247972684592403,0.0554844216816048,0.273310521813516,0.39863130881095
"87","E06000014","York",4385.86972939509,14868,10482.1302706049,0.29498720267656,NA,0,"NHS Humber and North Yorkshire ","E54000051","Urban with City and Town","Predominantly Urban",211012,0.461437648463006,0.591123066577001,0.252185608607935,0.0786819098856759,0.255806125883541,0.440255806125884
"88","E07000121","Lancaster",3709.17791562926,12555,8845.82208437074,0.295434322232518,NA,0,"NHS Lancashire and South Cumbria ","E54000048","Urban with Significant Rural","Urban with Significant Rural",148119,0.516063955717835,0.58207171314741,0.250996015936255,0.0721115537848606,0.300994035785288,0.365407554671968
"89","E07000045","Teignbridge",3906.84973420807,13218,9311.15026579193,0.295570414147985,NA,0,"NHS Devon ","E54000037","Largely Rural","Predominantly Rural",135039,0.50581570239647,0.606656580937973,0.304841149773071,0.0529500756429652,0.297430083144369,0.390022675736961
"90","E06000018","Nottingham",7206.53373575472,24346,17139.4662642453,0.296004835938336,1,33,"NHS Nottingham and Nottinghamshire ","E54000060","Urban with Minor Conurbation","Predominantly Urban",337098,0.584103571285422,0.583863683021967,0.168753849312256,0.114966126052145,0.316632443531828,0.302669404517454
"91","E07000115","Tonbridge and Malling",3220.16451244064,10830,7609.83548755936,0.297337443438656,NA,0,"NHS Kent and Medway ","E54000032","Urban with Significant Rural","Urban with Significant Rural",132571,0.460886607559496,0.604801477377655,0.229916897506925,0.0807940904893814,0.291244239631336,0.401382488479263
"92","E09000027","Richmond upon Thames",3924.61691588606,13146,9221.38308411394,0.298540766460221,1,12589,"NHS South West London ","E54000031","Urban with Major Conurbation","Predominantly Urban",198141,0.389616504553621,0.605253140464408,0.216977540921203,0.0586220022839741,0.228604031951312,0.474705211106885
"93","E07000229","Worthing",2907.79924336686,9717,6809.20075663314,0.299248661455888,NA,0,"NHS Sussex ","E54000053","Urban with City and Town","Predominantly Urban",110727,0.522498334578194,0.59619341563786,0.258230452674897,0.0627572016460905,0.291002570694087,0.403084832904884
"94","E07000039","South Derbyshire",2797.99348606202,9349,6551.00651393798,0.299282649060009,NA,0,"NHS Derby and Derbyshire ","E54000058","Urban with Significant Rural","Urban with Significant Rural",109516,0.457415062225071,0.588550026752274,0.246655965757089,0.0567148207597646,0.288389513108614,0.386302835741038
"95","E06000051","Shropshire",8901.69213720656,29704,20802.3078627934,0.299679913048968,NA,0,"NHS Shropshire, Telford and Wrekin ","E54000011","Largely Rural","Predominantly Rural",325415,0.492244535352739,0.588482909580737,0.29432564404782,0.0552281528876915,0.286700336700337,0.392087542087542
"96","E07000223","Adur",1761.51281591391,5876,4114.48718408609,0.299780942122857,NA,0,"NHS Sussex ","E54000053","Urban with City and Town","Predominantly Urban",64187,0.545342871594768,0.587585034013605,0.278061224489796,0.0595238095238095,0.296516567544605,0.384876805437553
"97","E07000137","East Lindsey",4875.90531067179,16230,11354.0946893282,0.300425465845458,NA,0,"NHS Lincolnshire ","E54000013","Mainly Rural","Predominantly Rural",142030,0.602233066683139,0.575654853620955,0.331895223420647,0.0576271186440678,0.39377119950663,0.268886833179155
"98","E07000046","Torridge",2000.64011431993,6627,4626.35988568007,0.301892276191329,NA,0,"NHS Devon ","E54000037","Mainly Rural","Predominantly Rural",68719,0.538691355592764,0.597285067873303,0.303921568627451,0.0535444947209653,0.327067669172932,0.358646616541353
"99","E07000163","Craven",1541.61422205214,5098,3556.38577794786,0.302395885063189,NA,0,"NHS Lancashire and South Cumbria ","E54000048","Mainly Rural","Predominantly Rural",57338,0.447752033144085,0.607843137254902,0.300980392156863,0.0519607843137255,0.243878550440744,0.442703232125367
"100","E06000043","Brighton and Hove",6291.16047941597,20804,14512.839520584,0.302401484301864,NA,0,"NHS Sussex ","E54000053","Urban with City and Town","Predominantly Urban",291738,0.521239528504708,0.582792597933189,0.182888728670993,0.0862773371785628,0.261183261183261,0.417748917748918
"101","E06000047","County Durham",15937.2935738915,52678,36740.7064261085,0.302541736092705,NA,0,"NHS North East and North Cumbria ","E54000050","Largely Rural","Predominantly Rural",533149,0.555241287948169,0.592691029900332,0.244803037494067,0.0679639297579497,0.347854973424449,0.295178435839028
"102","E07000245","West Suffolk",4033.48396275493,13329,9295.51603724507,0.302609645341355,NA,0,"NHS Suffolk and North East Essex ","E54000023","Largely Rural","Predominantly Rural",177302,0.506559313208793,0.592717717717718,0.278903903903904,0.0615615615615616,0.304494382022472,0.38689138576779
"103","E09000008","Croydon",8746.1190137863,28831,20084.8809862137,0.303358156629541,2,2844,"NHS South West London ","E54000031","Urban with Major Conurbation","Predominantly Urban",388563,0.520052829103082,0.602913126408878,0.174614184151205,0.0804577770071094,0.271718397780475,0.35547078203572
"104","E07000147","North Norfolk",3104.42153139251,10219,7114.57846860749,0.303789170309473,NA,0,"NHS Norfolk and Waveney ","E54000022","Mainly Rural","Predominantly Rural",105167,0.555959813122752,0.580029368575624,0.356338717572198,0.0440528634361234,0.323054331864905,0.36417033773862
"105","E09000016","Havering",6276.85076912889,20637,14360.1492308711,0.304155195480394,2,10212,"NHS North East London ","E54000029","Urban with Major Conurbation","Predominantly Urban",260651,0.527010081262281,0.598982311606494,0.230676035861401,0.0632420644535983,0.304875090953189,0.354111084162018
"106","E07000110","Maidstone",4321.87148205235,14182,9860.12851794765,0.304743441126241,NA,0,"NHS Kent and Medway ","E54000032","Urban with Significant Rural","Urban with Significant Rural",173132,0.484559536013706,0.589354952414522,0.243567148396193,0.0764892492069087,0.299612266478675,0.386676066267184
"107","E06000053","Isles of Scilly",60.9935207265718,199,138.006479273428,0.306500104153627,NA,0,"NHS Cornwall and the Isles of Scilly ","E54000036","Mainly Rural","Predominantly Rural",2226,0.492569002123142,NA,NA,NA,NA,NA
"108","E07000242","East Hertfordshire",3385.30842605432,11000,7614.69157394568,0.307755311459484,1,103,"NHS Hertfordshire and West Essex ","E54000025","Urban with Significant Rural","Urban with Significant Rural",151786,0.428500024185357,0.597910040890504,0.234893230349841,0.0536119945479328,0.243525670149932,0.465243071331213
"109","E08000035","Leeds",18935.4301767145,61490,42554.5698232855,0.307943245677582,NA,0,"NHS West Yorkshire ","E54000054","Urban with Major Conurbation","Predominantly Urban",798786,0.516912371949184,0.58952675231745,0.214587737843552,0.0809887786631973,0.292510368382532,0.366593478084086
"110","E07000196","South Staffordshire",3365.8212024487,10930,7564.1787975513,0.307943385402443,NA,0,"NHS Staffordshire and Stoke-on-Trent ","E54000010","Urban with Significant Rural","Urban with Significant Rural",112369,0.497127122135253,0.587831655992681,0.290027447392498,0.0462031107044831,0.275388838060384,0.392497712717292
"111","E07000099","North Hertfordshire",3357.48023626118,10857,7499.51976373882,0.309245669730237,2,6805,"NHS Cambridgeshire and Peterborough ","E54000056","Urban with Significant Rural","Urban with Significant Rural",133463,0.449499400690968,0.597420543528328,0.224320589590051,0.0603408567480424,0.260267651130595,0.428241808952469
"112","E07000167","Ryedale",1521.01804043661,4900,3378.98195956339,0.310411844987064,NA,0,"NHS Humber and North Yorkshire ","E54000051","Mainly Rural","Predominantly Rural",55629,0.481994011491462,0.604485219164118,0.306829765545362,0.0468909276248726,0.274390243902439,0.421747967479675
"113","E09000002","Barking and Dagenham",4415.98977373301,14224,9808.01022626699,0.310460473406426,2,2160,"NHS North East London ","E54000029","Urban with Major Conurbation","Predominantly Urban",214107,0.624083245379015,0.601125571579318,0.133661625043968,0.105874076679564,0.331575246132208,0.248241912798875
"114","E07000102","Three Rivers",2368.29786335156,7623,5254.70213664844,0.310677930388503,NA,0,"NHS Hertfordshire and West Essex ","E54000025","Urban with Major Conurbation","Predominantly Urban",93966,0.446717308735757,0.589508196721311,0.220983606557377,0.0642622950819672,0.233245729303548,0.448751642575558
"115","E06000062","West Northamptonshire",9879.09384906217,31766,21886.9061509378,0.310995839862185,NA,0,"NHS Northamptonshire ","E54000059",NA,NA,NA,0.481681639934894,0.593105619392413,0.229497875019676,0.066740122776641,0.284904769400283,0.386116795214859
"116","E07000011","Huntingdonshire",4407.24883715173,14151,9743.75116284827,0.311444338714701,NA,0,"NHS Cambridgeshire and Peterborough ","E54000056","Mainly Rural","Predominantly Rural",178985,0.464041830881492,0.584865629420085,0.248231966053748,0.0650636492220651,0.284504059301094,0.405224144016943
"117","E07000192","Cannock Chase",3101.58207763471,9932,6830.41792236529,0.312281723483156,NA,0,"NHS Staffordshire and Stoke-on-Trent ","E54000010","Urban with Significant Rural","Urban with Significant Rural",101484,0.544285155441011,0.585390428211587,0.24735516372796,0.0534005037783375,0.319052419354839,0.323588709677419
"118","E07000112","Folkestone and Hythe",3379.72712646805,10822,7442.27287353195,0.312301527117728,NA,0,"NHS Kent and Medway ","E54000032","Urban with Significant Rural","Urban with Significant Rural",113320,0.55577392527618,0.592147806004619,0.26743648960739,0.0771362586605081,0.339640055376096,0.326257498846331
"119","E06000054","Wiltshire",13222.1798455801,42260,29037.8201544199,0.312876948546619,NA,0,"NHS Bath and North East Somerset, Swindon and Wiltshire ","E54000040","Largely Rural","Predominantly Rural",504070,0.465847750382414,0.595102909865153,0.259876981310622,0.0652945351312988,0.279493551059046,0.411312270737191
"120","E07000234","Bromsgrove",2792.76321130301,8905,6112.23678869699,0.313617429680293,NA,0,"NHS Herefordshire and Worcestershire ","E54000019","Urban with City and Town","Predominantly Urban",100569,0.452646374563784,0.597081930415264,0.282267115600449,0.0448933782267116,0.270330902972518,0.427369601794728
"121","E06000011","East Riding of Yorkshire",9649.74085433894,30618,20968.2591456611,0.315165616772452,NA,0,"NHS Humber and North Yorkshire ","E54000051","Largely Rural","Predominantly Rural",343201,0.489011350334723,0.589973873285434,0.308785107772698,0.0491508817766166,0.31596995427825,0.368713259307642
"122","E09000021","Kingston upon Thames",3641.95496574102,11511,7869.04503425898,0.316389103096257,NA,0,"NHS South West London ","E54000031","Urban with Major Conurbation","Predominantly Urban",179142,0.441699936000975,0.59375,0.202690972222222,0.078125,0.251302083333333,0.420138888888889
"123","E07000220","Rugby",2867.7253467333,9009,6141.2746532667,0.318317831805228,NA,0,"NHS Coventry and Warwickshire ","E54000018","Urban with City and Town","Predominantly Urban",110650,0.466224264080313,0.58411993337035,0.23375902276513,0.0716268739589117,0.273888888888889,0.398333333333333
"124","E07000168","Scarborough",3327.32500805691,10445,7117.67499194309,0.318556726477445,NA,0,"NHS Humber and North Yorkshire ","E54000051","Urban with Significant Rural","Urban with Significant Rural",108737,0.545271393643032,0.588798468166587,0.302537099090474,0.0617520344662518,0.327116212338594,0.339550454328073
"125","E06000052","Cornwall",17433.6951069314,54552,37118.3048930686,0.319579394099783,2,6352,"NHS Cornwall and the Isles of Scilly ","E54000036","Mainly Rural","Predominantly Rural",573299,0.538898756660746,NA,NA,NA,NA,NA
"126","E07000079","Cotswold",2239.43595035538,6996,4756.56404964462,0.32010233710054,NA,0,"NHS Gloucestershire ","E54000043","Mainly Rural","Predominantly Rural",90264,0.429883981574993,0.601858470335954,0.313080771979986,0.043602573266619,0.267000715819613,0.450966356478168
"127","E08000002","Bury",5424.44100242022,16876,11451.5589975798,0.321429308036278,NA,0,"NHS Greater Manchester ","E54000057","Urban with Major Conurbation","Predominantly Urban",190708,0.525261788214883,0.587677725118483,0.222452606635071,0.0666469194312796,0.302077151335312,0.34213649851632
"128","E07000243","Stevenage",2446.90459360692,7603,5156.09540639308,0.321834090965003,NA,0,"NHS Hertfordshire and West Essex ","E54000025","Urban with City and Town","Predominantly Urban",88104,0.522912158645813,0.595394736842105,0.184868421052632,0.0815789473684211,0.298880842659644,0.353522053982883
"129","E07000028","Carlisle",2976.8038473358,9221,6244.1961526642,0.322828743881987,1,7941,"NHS North East and North Cumbria ","E54000050","Urban with Significant Rural","Urban with Significant Rural",108524,0.511172081639098,0.587533875338753,0.26070460704607,0.0682926829268293,0.291666666666667,0.361471861471861
"130","E07000108","Dover",3713.85497831585,11503,7789.14502168415,0.322859686891754,NA,0,"NHS Kent and Medway ","E54000032","Urban with Significant Rural","Urban with Significant Rural",118514,0.548519199952519,0.591047370708388,0.255541069100391,0.0825727944372012,0.330291177748805,0.32942199043894
"131","E07000244","East Suffolk",7631.15192445986,23573,15941.8480755401,0.323724257602336,NA,0,"NHS Norfolk and Waveney ","E54000022","Largely Rural","Predominantly Rural",250373,0.531138540998853,0.590880169671262,0.303711558854719,0.0585365853658537,0.309160305343511,0.370016963528414
"132","E07000135","Oadby and Wigston",1713.42219544212,5290,3576.57780455788,0.323898335622328,NA,0,"NHS Leicester, Leicestershire and Rutland ","E54000015","Urban with City and Town","Predominantly Urban",57313,0.508777360159186,0.5765595463138,0.25992438563327,0.0614366729678639,0.280568720379147,0.365876777251185
"133","E09000029","Sutton",5141.36476692963,15873,10731.6352330704,0.323906304222871,NA,0,"NHS South West London ","E54000031","Urban with Major Conurbation","Predominantly Urban",207707,0.491280905425754,0.599243856332703,0.191241335853812,0.0730938878386894,0.280403276622558,0.378386893509767
"134","E07000236","Redditch",2413.68098479856,7437,5023.31901520144,0.324550354282448,NA,0,"NHS Herefordshire and Worcestershire ","E54000019","Urban with City and Town","Predominantly Urban",85568,0.531117708505141,0.598520511096167,0.246133154001345,0.0652320107599193,0.317845117845118,0.332659932659933
"135","E07000199","Tamworth",2287.85277898919,7049,4761.14722101081,0.324564162149126,NA,0,"NHS Staffordshire and Stoke-on-Trent ","E54000010","Urban with City and Town","Predominantly Urban",76864,0.543016963579984,0.585815602836879,0.245390070921986,0.0659574468085106,0.343019135364989,0.318922749822821
"136","E06000044","Portsmouth",4979.60071219284,15304,10324.3992878072,0.325379032422428,NA,0,"NHS Hampshire and Isle of Wight ","E54000042","Urban with City and Town","Predominantly Urban",214692,0.52808310602983,0.591503267973856,0.203267973856209,0.0879084967320262,0.305755395683453,0.345323741007194
"137","E08000001","Bolton",8489.92994589243,25980,17490.0700541076,0.326787141874227,NA,0,"NHS Greater Manchester ","E54000057","Urban with Major Conurbation","Predominantly Urban",288248,0.568226014193233,0.589990375360924,0.224061597690087,0.0721847930702599,0.331090174966353,0.303980003845414
"138","E07000096","Dacorum",4018.81769892752,12246,8227.18230107248,0.328173909760536,1,15226,"NHS Hertfordshire and West Essex ","E54000025","Urban with Significant Rural","Urban with Significant Rural",155457,0.460717214407368,0.599673202614379,0.216503267973856,0.0616830065359477,0.266148814390842,0.418233851185609
"139","E07000044","South Hams",2826.78470117351,8579,5752.21529882649,0.329500489704337,NA,0,"NHS Devon ","E54000037","Mainly Rural","Predominantly Rural",87946,0.470115673064701,0.606997084548105,0.303206997084548,0.0559766763848396,0.266317016317016,0.423076923076923
"140","E06000045","Southampton",5981.15228847389,18138,12156.8477115261,0.32975809286988,2,5916,"NHS Hampshire and Isle of Wight ","E54000042","Urban with City and Town","Predominantly Urban",252872,0.546382379681497,0.583724137931035,0.197241379310345,0.0932413793103448,0.315963606286187,0.337468982630273
"141","E07000226","Crawley",2958.61712376064,8969,6010.38287623936,0.329871459890806,NA,0,"NHS Sussex ","E54000053","Urban with City and Town","Predominantly Urban",112474,0.53995253164557,0.586264656616415,0.190954773869347,0.0787269681742044,0.29296875,0.342075892857143
"142","E07000077","Uttlesford",2235.49338190482,6770,4534.50661809518,0.330205817120357,NA,0,"NHS Hertfordshire and West Essex ","E54000025","Mainly Rural","Predominantly Rural",92759,0.419568687934627,0.616691285081241,0.248892171344165,0.0494830132939439,0.242783123612139,0.474463360473723
"143","E07000228","Mid Sussex",3829.88622581918,11582,7752.11377418082,0.330675723175547,NA,0,"NHS Sussex ","E54000053","Urban with City and Town","Predominantly Urban",152142,0.426999636931917,0.595680345572354,0.253563714902808,0.0548596112311015,0.248165731549417,0.460940871817005
"144","E07000235","Malvern Hills",2433.99975993614,7344,4910.00024006386,0.33142698256211,NA,0,"NHS Herefordshire and Worcestershire ","E54000019","Largely Rural","Predominantly Rural",79445,0.473261878833037,0.585548738922972,0.307430129516019,0.0511247443762781,0.270748299319728,0.427891156462585
"145","E07000200","Babergh",2671.21159517927,8041,5369.78840482073,0.332198929881765,NA,0,"NHS Suffolk and North East Essex ","E54000023","Mainly Rural","Predominantly Rural",92735,0.488171347545959,0.596022374145432,0.309509011808577,0.052827843380982,0.28739913097455,0.40471756672874
"146","E08000004","Oldham",6895.56418257172,20686,13790.4358174283,0.333344493018066,2,1522,"NHS Greater Manchester ","E54000057","Urban with Major Conurbation","Predominantly Urban",237628,0.590603090071615,0.589557650471356,0.203529127386995,0.0821851583272903,0.332205846822904,0.287025851654989
"147","E09000006","Bromley",8461.33967992427,25362,16900.6603200757,0.33362273006562,NA,0,"NHS South East London ","E54000030","Urban with Major Conurbation","Predominantly Urban",332752,0.453576976595228,0.606544451015178,0.225507589197713,0.0607135817070767,0.262172284644195,0.417307313226887
"148","E08000027","Dudley",10523.6879665684,31516,20992.3120334316,0.333915724285075,NA,0,"NHS Black Country ","E54000062","Urban with Major Conurbation","Predominantly Urban",322363,0.558454254302452,0.58876725368872,0.242900206250992,0.063620498175472,0.310290153797368,0.333914697954654
"149","E07000222","Warwick",3711.06023705485,11109,7397.93976294515,0.334058892524516,NA,0,"NHS Coventry and Warwickshire ","E54000018","Urban with City and Town","Predominantly Urban",144909,0.425820051742311,0.583258325832583,0.247524752475248,0.067956795679568,0.247971145175834,0.451307484220018
"150","E07000086","Eastleigh",3552.53252171217,10614,7061.46747828783,0.334702517591122,NA,0,"NHS Hampshire and Isle of Wight ","E54000042","Urban with City and Town","Predominantly Urban",135520,0.448420645796002,0.5969868173258,0.24623352165725,0.0583804143126177,0.272169811320755,0.42122641509434
"151","E08000017","Doncaster",9427.02555803728,28132,18704.9744419627,0.33509972835338,2,27363,"NHS South Yorkshire ","E54000061","Urban with Minor Conurbation","Predominantly Urban",312785,0.562545419129601,0.59082829719161,0.247600426590828,0.0650551013153217,0.348907443595665,0.287262391188488
"152","E07000170","Ashfield",4656.0898323185,13829,9172.9101676815,0.336690276398763,NA,0,"NHS Nottingham and Nottinghamshire ","E54000060","Urban with City and Town","Predominantly Urban",128337,0.568550828333975,0.584298118668596,0.228654124457308,0.0636758321273517,0.330683050234911,0.32128659197687
"153","E06000059","Dorset",11957.3103998142,35512,23554.6896001858,0.336711826982827,NA,0,"NHS Dorset ","E54000041","Largely Rural","Predominantly Rural",379791,0.500927578016992,0.595382232859355,0.322821343094467,0.0481486695762354,0.297761509221456,0.395325918625933
"154","E07000122","Pendle",2746.03205240265,8152,5405.96794759735,0.336853784642131,NA,0,"NHS Lancashire and South Cumbria ","E54000048","Urban with City and Town","Predominantly Urban",92145,0.574948773183418,0.58982219497241,0.221336603310852,0.0735744941753525,0.313267813267813,0.313882063882064
"155","E07000065","Wealden",4781.88308995375,14187,9405.11691004625,0.337060907165275,NA,0,"NHS Sussex ","E54000053","Mainly Rural","Predominantly Rural",162733,0.475162967845895,0.601127554615927,0.293516560958421,0.0549682875264271,0.271222261359634,0.42655864741106
"156","E07000076","Tendring",5297.35944781457,15709,10411.6405521854,0.337218120046761,NA,0,"NHS Suffolk and North East Essex ","E54000023","Largely Rural","Predominantly Rural",147353,0.616634544106746,0.591849729385546,0.324418974848774,0.0588984399872652,0.371937639198218,0.291759465478842
"157","E06000003","Redcar and Cleveland",4676.33796820954,13840,9163.66203179046,0.33788569134462,NA,0,"NHS North East and North Cumbria ","E54000050","Urban with Significant Rural","Urban with Significant Rural",137228,0.558843570524676,0.597618188379646,0.26272103933598,0.0656802598339949,0.362287368802027,0.27180600796236
"158","E07000103","Watford",2426.66005454951,7173,4746.33994545049,0.33830476154322,NA,0,"NHS Hertfordshire and West Essex ","E54000025","Urban with Major Conurbation","Predominantly Urban",96623,0.494019380236197,0.593728222996516,0.183275261324042,0.0682926829268293,0.256482130343378,0.382620882971268
"159","E07000131","Harborough",2750.71811212735,8075,5324.28188787265,0.340646205836205,NA,0,"NHS Leicester, Leicestershire and Rutland ","E54000015","Mainly Rural","Predominantly Rural",95537,0.421225843169277,0.586377708978328,0.276160990712074,0.0507739938080495,0.245353159851301,0.446096654275093
"160","E09000026","Redbridge",7290.97332975343,21395,14104.0266702466,0.340779309640263,NA,0,"NHS North East London ","E54000029","Urban with Major Conurbation","Predominantly Urban",305658,0.537242197217321,0.582047685834502,0.174614305750351,0.0820476858345021,0.273556231003039,0.332709843348141
"161","E09000014","Haringey",5761.30174748711,16891,11129.6982525129,0.341087072848683,NA,0,"NHS North Central London ","E54000028","Urban with Major Conurbation","Predominantly Urban",266357,0.566830010942481,0.594554601953241,0.150932228469962,0.0849363717076058,0.258284023668639,0.35887573964497
"162","E07000171","Bassetlaw",3865.10562462597,11312,7446.89437537403,0.341681897509368,NA,0,"NHS Nottingham and Nottinghamshire ","E54000060","Largely Rural","Predominantly Rural",118280,0.531761916791357,0.585322723253758,0.264367816091954,0.0632183908045977,0.320971302428256,0.328918322295806
"163","E07000136","Boston",1997.37589854588,5827,3829.62410145412,0.342779457447379,NA,0,"NHS Lincolnshire ","E54000013","Urban with Significant Rural","Urban with Significant Rural",70837,0.591416133859339,0.580756013745705,0.269759450171821,0.0695876288659794,0.350515463917526,0.299828178694158
"164","E08000026","Coventry",9407.90564435642,27391,17983.0943556436,0.343467038237247,NA,0,"NHS Coventry and Warwickshire ","E54000018","Urban with City and Town","Predominantly Urban",379387,0.550022364693604,0.580215367767841,0.199306442781529,0.0919875889760905,0.306245434623813,0.327063550036523
"165","E07000098","Hertsmere",2956.75892353906,8560,5603.24107646094,0.345415762095685,NA,0,"NHS Hertfordshire and West Essex ","E54000025","Urban with Major Conurbation","Predominantly Urban",105471,0.48125673586055,0.606892523364486,0.219626168224299,0.0677570093457944,0.251458576429405,0.411901983663944
"166","E07000089","Hart",2392.89854940514,6925,4532.10145059486,0.345544916881609,NA,0,"NHS Frimley ","E54000034","Urban with Significant Rural","Urban with Significant Rural",97608,0.393153838454609,0.598988439306358,0.253612716763006,0.0513005780346821,0.253796095444685,0.466377440347072
"167","E07000240","St Albans",3759.80625295918,10876,7116.19374704082,0.34569752233902,NA,0,"NHS Hertfordshire and West Essex ","E54000025","Urban with City and Town","Predominantly Urban",149317,0.393592134260044,0.596781609195402,0.225747126436782,0.0579310344827586,0.242298850574713,0.470804597701149
"168","E07000043","North Devon",3103.18484246232,8968,5864.81515753768,0.346028639882061,NA,0,"NHS Devon ","E54000037","Largely Rural","Predominantly Rural",98170,0.520684306780563,0.602564102564103,0.282051282051282,0.056298773690078,0.316964285714286,0.36328125
"169","E07000091","New Forest",5591.11640619815,16153,10561.8835938018,0.346134860781165,NA,0,"NHS Hampshire and Isle of Wight ","E54000042","Urban with Significant Rural","Urban with Significant Rural",179649,0.485509114818348,0.599876122638588,0.319913285847011,0.0504800247754723,0.292660266336327,0.416847321152059
"170","E07000120","Hyndburn",2656.65434552772,7671,5014.34565447228,0.34632438346079,NA,0,"NHS Lancashire and South Cumbria ","E54000048","Urban with City and Town","Predominantly Urban",81133,0.575567691865479,0.581213307240705,0.227658186562296,0.0789302022178734,0.331809274983671,0.296538210320052
"171","E07000195","Newcastle-under-Lyme",4165.23475692694,12008,7842.76524307306,0.346871648644815,NA,0,"NHS Staffordshire and Stoke-on-Trent ","E54000010","Urban with City and Town","Predominantly Urban",129610,0.532354978192913,0.575177009579342,0.269471053727613,0.0666389004581424,0.303697548815953,0.358953053593685
"172","E07000176","Rushcliffe",3627.58578513962,10414,6786.41421486038,0.3483374097503,NA,0,"NHS Nottingham and Nottinghamshire ","E54000060","Largely Rural","Predominantly Rural",121416,0.416142095345014,0.585892514395393,0.267274472168906,0.0513435700575816,0.241842610364683,0.462092130518234
"173","E09000001","City of London",172.916935897699,496,323.083064102301,0.348622854632457,NA,0,"NHS North East London ","E54000029","Urban with Major Conurbation","Predominantly Urban",10938,0.402319902319902,NA,NA,NA,NA,NA
"174","E07000237","Worcester",2826.76496889151,8076,5249.23503110849,0.350020427054422,1,639,"NHS Herefordshire and Worcestershire ","E54000019","Urban with City and Town","Predominantly Urban",100265,0.499127906976744,0.58539603960396,0.237623762376238,0.0655940594059406,0.296913580246914,0.378395061728395
"175","E08000036","Wakefield",11119.4384266562,31731,20611.5615733438,0.350428238210464,1,11463,"NHS West Yorkshire ","E54000054","Urban with City and Town","Predominantly Urban",351592,0.552607854921738,0.592499212102112,0.236526946107784,0.0627166719193193,0.342420422313268,0.30664985817838
"176","E07000142","West Lindsey",3217.79252086645,9086,5868.20747913355,0.354148417440727,NA,0,"NHS Lincolnshire ","E54000013","Mainly Rural","Predominantly Rural",96186,0.507533179048789,0.586908690869087,0.280528052805281,0.0605060506050605,0.32194046306505,0.350606394707828
"177","E07000087","Fareham",3414.49948292465,9638,6223.50051707535,0.354274692148231,NA,0,"NHS Hampshire and Isle of Wight ","E54000042","Urban with City and Town","Predominantly Urban",116338,0.453812783979934,0.590979782270607,0.296008294453085,0.0492483151892172,0.267736923873641,0.435007767995857
"178","E09000017","Hillingdon",7960.65986988139,22463,14502.3401301186,0.354389879797062,NA,0,"NHS North West London ","E54000027","Urban with Major Conurbation","Predominantly Urban",309014,0.540996814003735,0.588916091698197,0.176496772757623,0.0834631649232139,0.287177203918077,0.350623330365094
"179","E06000013","North Lincolnshire",5468.60289276405,15430,9961.39710723595,0.354413667709919,NA,0,"NHS Humber and North Yorkshire ","E54000051","Urban with Significant Rural","Urban with Significant Rural",172748,0.539023956924002,0.586709886547812,0.2677471636953,0.0635332252836305,0.335600907029478,0.30677032717849
"180","E07000092","Rushmoor",2408.4262301918,6777,4368.5737698082,0.355382356528227,NA,0,"NHS Frimley ","E54000034","Urban with City and Town","Predominantly Urban",94387,0.489085080398942,0.594395280235988,0.186578171091445,0.0744837758112094,0.287721893491124,0.381656804733728
"181","E06000040","Windsor and Maidenhead",3836.59432544726,10775,6938.40567455274,0.35606443855659,NA,0,"NHS Frimley ","E54000034","Urban with City and Town","Predominantly Urban",151273,0.410434411566803,0.594707520891365,0.241875580315692,0.0543175487465181,0.251972157772622,0.438979118329466
"182","E07000047","West Devon",2024.26076486767,5678,3653.73923513233,0.356509468979865,NA,0,"NHS Devon ","E54000037","Mainly Rural","Predominantly Rural",56139,0.50697074703844,0.591549295774648,0.305457746478873,0.0598591549295775,0.296394019349164,0.400175901495163
"183","E07000164","Hambleton",2983.26061891386,8346,5362.73938108614,0.357447953380525,NA,0,"NHS Humber and North Yorkshire ","E54000051","Mainly Rural","Predominantly Rural",91932,0.452698397137395,0.60431654676259,0.306354916067146,0.0473621103117506,0.275779376498801,0.427458033573141
"184","E07000224","Arun",5209.00582940038,14569,9359.99417059962,0.357540382277464,NA,0,"NHS Sussex ","E54000053","Urban with City and Town","Predominantly Urban",161123,0.540742881521545,0.596635770683145,0.317542052866461,0.0593889461036732,0.311256005490734,0.370624571036376
"185","E07000178","Oxford",3681.02643502215,10290,6608.97356497785,0.357728516523047,NA,0,"NHS Buckinghamshire, Oxfordshire and Berkshire West ","E54000044","Urban with City and Town","Predominantly Urban",151584,0.478049928492551,0.588149587178242,0.182127246236037,0.118018455560952,0.247447739426349,0.43509965969859
"186","E07000029","Copeland",2318.83635938896,6475,4156.16364061104,0.358121445465476,NA,0,"NHS Lancashire and South Cumbria ","E54000048","Mainly Rural","Predominantly Rural",68041,0.529537851969731,0.589189189189189,0.254054054054054,0.0602316602316602,0.339783281733746,0.304179566563468
"187","E09000022","Lambeth",6746.85540810546,18839,12092.1445918945,0.358132353527547,NA,0,"NHS South East London ","E54000030","Urban with Major Conurbation","Predominantly Urban",321813,0.499836659539083,0.595434032386514,0.126095035837537,0.0960976904698699,0.237589593841253,0.389700026546323
"188","E07000197","Stafford",4529.04677830199,12611,8081.95322169801,0.359134626778367,NA,0,"NHS Staffordshire and Stoke-on-Trent ","E54000010","Urban with Significant Rural","Urban with Significant Rural",137858,0.47015720756728,0.579302141157811,0.279540047581285,0.0543219666931007,0.281868566904196,0.409342834520982
"189","E07000141","South Kesteven",4400.95325126952,12249,7848.04674873048,0.35929081976239,NA,0,"NHS Lincolnshire ","E54000013","Largely Rural","Predominantly Rural",143225,0.483054892601432,0.600816326530612,0.273061224489796,0.0530612244897959,0.305430788076766,0.381788485095958
"190","E08000021","Newcastle upon Tyne",8405.05426772934,23393,14987.9457322707,0.359297835580274,1,11364,"NHS North East and North Cumbria ","E54000050","Urban with Major Conurbation","Predominantly Urban",306824,0.537708575942409,0.588159863218636,0.201325069459286,0.0904039324642018,0.327704147071398,0.307610089781958
"191","E06000039","Slough",3646.98342880109,10144,6497.01657119891,0.359521237066353,NA,0,"NHS Frimley ","E54000034","Urban with City and Town","Predominantly Urban",149577,0.576835037387456,0.581360946745562,0.145463510848126,0.0843195266272189,0.294726466239527,0.300640709709216
"192","E07000127","West Lancashire",4069.07497682664,11309,7239.92502317336,0.35980855750523,NA,0,"NHS Lancashire and South Cumbria ","E54000048","Urban with Significant Rural","Urban with Significant Rural",114496,0.512929347042219,0.586206896551724,0.263041556145004,0.0694076038903625,0.314626601855943,0.347768448961555
"193","E07000125","Rossendale",2290.20104804564,6313,4022.79895195436,0.362775391738577,1,8948,"NHS Lancashire and South Cumbria ","E54000048","Urban with City and Town","Predominantly Urban",71432,0.520107326330945,0.607594936708861,0.227848101265823,0.0640822784810127,0.311358220810167,0.337569499602859
"194","E07000203","Mid Suffolk",3225.31626785251,8890,5664.68373214749,0.362802729792183,NA,0,"NHS Suffolk and North East Essex ","E54000023","Mainly Rural","Predominantly Rural",104857,0.478294206526396,0.595385481148002,0.289814293753517,0.0551491277433877,0.270118176702307,0.431063590320765
"195","E07000038","North East Derbyshire",3855.93557347801,10598,6742.06442652199,0.363836155263069,NA,0,"NHS Derby and Derbyshire ","E54000058","Urban with City and Town","Predominantly Urban",102216,0.530019353295497,0.594620103822558,0.289759320434167,0.0486078338839075,0.318998109640832,0.353969754253308
"196","E08000008","Tameside",7523.76139453214,20675,13151.2386054679,0.363906234318362,NA,0,"NHS Greater Manchester ","E54000057","Urban with Major Conurbation","Predominantly Urban",227117,0.568167431953138,0.584905660377358,0.21044992743106,0.0783744557329463,0.325277912034799,0.31246979217013
"197","E07000085","East Hampshire",3627.13017393471,9937,6309.86982606529,0.365012596753015,NA,0,"NHS Hampshire and Isle of Wight ","E54000042","Mainly Rural","Predominantly Rural",123838,0.430099776167533,0.595070422535211,0.270623742454728,0.051307847082495,0.255158530447911,0.45093105183694
"198","E07000080","Forest of Dean",2952.60607787966,8050,5097.39392212034,0.366783363711759,1,6123,"NHS Gloucestershire ","E54000043","Mainly Rural","Predominantly Rural",87107,0.519090738103555,0.591925465838509,0.298136645962733,0.0546583850931677,0.300434512725016,0.382991930477964
"199","E07000198","Staffordshire Moorlands",3609.58410409723,9838,6228.41589590277,0.366902226478677,NA,0,"NHS Staffordshire and Stoke-on-Trent ","E54000010","Largely Rural","Predominantly Rural",98427,0.506740644552001,0.574403250380904,0.303199593702387,0.0497714575926866,0.285205897305541,0.400101677681749
"200","E06000049","Cheshire East",12656.0940768894,34456,21799.9059231106,0.367311762157225,NA,0,"NHS Cheshire and Merseyside ","E54000008","Urban with Significant Rural","Urban with Significant Rural",386667,0.452143478061948,0.592366855318531,0.264402844289653,0.0570309098824554,0.279123748730596,0.407224720731177
"201","E07000037","High Peak",3005.61009340194,8103,5097.38990659806,0.370925594644198,NA,0,"NHS Derby and Derbyshire ","E54000058","Largely Rural","Predominantly Rural",92633,0.479495732365349,0.584824182603331,0.250462677359655,0.0487353485502776,0.275138803207896,0.411474398519432
"202","E06000021","Stoke-on-Trent",8750.81642970487,23562,14811.1835702951,0.371395315750143,NA,0,"NHS Staffordshire and Stoke-on-Trent ","E54000010","Urban with City and Town","Predominantly Urban",256622,0.589057971014493,0.570761722894123,0.228304689157649,0.0814767663908339,0.34139613834076,0.288139189475918
"203","E09000013","Hammersmith and Fulham",4001.18933788164,10738,6736.81066211836,0.37261960680589,NA,0,"NHS North West London ","E54000027","Urban with Major Conurbation","Predominantly Urban",183544,0.486140514991876,0.599162011173184,0.145251396648045,0.0861266294227188,0.255011655011655,0.376223776223776
"204","E07000241","Welwyn Hatfield",3386.97763428416,9087,5700.02236571584,0.372727812730732,1,9822,"NHS Hertfordshire and West Essex ","E54000025","Urban with City and Town","Predominantly Urban",123893,0.484818974658616,0.594505494505495,0.203296703296703,0.0912087912087912,0.258810572687225,0.409691629955947
"205","E08000012","Liverpool",16473.1139727586,44179,27705.8860272414,0.372872042661867,1,31,"NHS Cheshire and Merseyside ","E54000008","Urban with Major Conurbation","Predominantly Urban",500474,0.584251847068066,0.592123132639203,0.196016296966953,0.0882752376641014,0.338423255287863,0.263205519737586
"206","E07000083","Tewkesbury",2840.28199383188,7605,4764.71800616812,0.37347560734147,NA,0,"NHS Gloucestershire ","E54000043","Largely Rural","Predominantly Rural",96624,0.449243849405096,0.593955321944809,0.270696452036794,0.0532194480946124,0.278180619644034,0.429136453526697
"207","E08000007","Stockport",9787.09504902159,26203,16415.9049509784,0.373510477770545,NA,0,"NHS Greater Manchester ","E54000057","Urban with Major Conurbation","Predominantly Urban",294197,0.487350767481524,0.591455273698264,0.24451649818806,0.0627503337783712,0.285468779835784,0.383234676341417
"208","E07000042","Mid Devon",2805.02817958355,7502,4696.97182041645,0.373904049531265,NA,0,"NHS Devon ","E54000037","Mainly Rural","Predominantly Rural",83290,0.508839375911999,0.599600266489007,0.277814790139907,0.0646235842771486,0.28437917222964,0.397196261682243
"209","E07000078","Cheltenham",3146.80827389072,8411,5264.19172610928,0.374130100331794,NA,0,"NHS Gloucestershire ","E54000043","Urban with City and Town","Predominantly Urban",116043,0.438401482069604,0.589774078478002,0.248513674197384,0.0648038049940547,0.257854179016005,0.443983402489627
"210","E06000009","Blackpool",5467.16667642188,14613,9145.83332357812,0.374130341231909,2,12671,"NHS Lancashire and South Cumbria ","E54000048","Urban with City and Town","Predominantly Urban",138381,0.617697448640973,0.576410256410256,0.221196581196581,0.0847863247863248,0.360246322271639,0.263427984946972
"211","E07000116","Tunbridge Wells",3249.62125287134,8615,5365.37874712866,0.377205020646702,NA,0,"NHS Kent and Medway ","E54000032","Urban with Significant Rural","Urban with Significant Rural",118939,0.447483565933268,0.604057971014493,0.231884057971014,0.0765217391304348,0.261449275362319,0.443478260869565
"212","E07000126","South Ribble",3934.51752264202,10356,6421.48247735798,0.379926373372153,NA,0,"NHS Lancashire and South Cumbria ","E54000048","Urban with City and Town","Predominantly Urban",111086,0.47598172388244,0.581563706563707,0.25965250965251,0.0564671814671815,0.28144578313253,0.393253012048193
"213","E07000081","Gloucester",4005.69438305818,10542,6536.30561694182,0.379974803932668,1,139,"NHS Gloucestershire ","E54000043","Urban with City and Town","Predominantly Urban",129709,0.510621401627953,0.583293782629331,0.217845277645942,0.0811580446131941,0.284629981024668,0.367647058823529
"214","E09000031","Waltham Forest",6959.65614954241,18281,11321.3438504576,0.380704346017308,1,7359,"NHS North East London ","E54000029","Urban with Major Conurbation","Predominantly Urban",276940,0.547370773850594,0.593271334792123,0.150711159737418,0.0867067833698031,0.276427205681508,0.339251570609123
"215","E07000093","Test Valley",3914.28895216195,10220,6305.71104783805,0.383002832892558,NA,0,"NHS Hampshire and Isle of Wight ","E54000042","Urban with Significant Rural","Urban with Significant Rural",127163,0.443215676238873,0.593933463796477,0.249510763209393,0.060665362035225,0.262463343108504,0.445259042033236
"216","E07000169","Selby",2972.73070657824,7750,4777.26929342176,0.383578155687515,NA,0,"NHS Humber and North Yorkshire ","E54000051","Mainly Rural","Predominantly Rural",91697,0.458341759352882,0.590703679793415,0.256939961265332,0.0535829567462879,0.285067873303167,0.393018745959922
"217","E06000035","Medway",8692.48615284638,22618,13925.5138471536,0.38431718776401,NA,0,"NHS Kent and Medway ","E54000032","Urban with City and Town","Predominantly Urban",279142,0.535179170629295,0.604774535809019,0.204686118479222,0.0795755968169761,0.326408839779006,0.321104972375691
"218","E09000003","Barnet",11088.6378011952,28808,17719.3621988048,0.384915224979006,1,4,"NHS North Central London ","E54000028","Urban with Major Conurbation","Predominantly Urban",399007,0.504267363232855,0.588613088005555,0.194931435514668,0.0770699531331366,0.254296129144246,0.390210032980385
"219","E07000117","Burnley",3252.06832863696,8440,5187.93167136304,0.385316152682104,NA,0,"NHS Lancashire and South Cumbria ","E54000048","Urban with City and Town","Predominantly Urban",89344,0.591066412520064,0.589698046181172,0.216104203670811,0.0799289520426288,0.328596802841918,0.290704558910598
"220","E07000123","Preston",4687.91874496217,12144,7456.08125503783,0.38602756463786,NA,0,"NHS Lancashire and South Cumbria ","E54000048","Urban with City and Town","Predominantly Urban",144147,0.533863472410958,0.581136738056013,0.194810543657331,0.0914332784184514,0.300658978583196,0.32001647446458
"221","E07000036","Erewash",4153.89792210466,10736,6582.10207789534,0.386912995725099,NA,0,"NHS Derby and Derbyshire ","E54000058","Urban with Minor Conurbation","Predominantly Urban",115332,0.519628879087694,0.582402234636871,0.249534450651769,0.0549348230912477,0.306150978564772,0.368592730661696
"222","E07000084","Basingstoke and Deane",5243.92087402307,13546,8302.07912597693,0.387119509377164,NA,0,"NHS Hampshire and Isle of Wight ","E54000042","Urban with Significant Rural","Urban with Significant Rural",177760,0.449637284066594,0.585239852398524,0.216974169741697,0.0686346863468635,0.276116648209671,0.413805832410484
"223","E07000172","Broxtowe",4050.28460920649,10454,6403.71539079351,0.387438742032379,NA,0,"NHS Nottingham and Nottinghamshire ","E54000060","Urban with Minor Conurbation","Predominantly Urban",114627,0.499803560720415,0.578947368421053,0.268421052631579,0.054066985645933,0.280592734225621,0.402963671128107
"224","E06000041","Wokingham",4738.29605635611,12195,7456.70394364389,0.388544162062821,NA,0,"NHS Buckinghamshire, Oxfordshire and Berkshire West ","E54000044","Urban with City and Town","Predominantly Urban",173945,0.385258226823203,0.585655737704918,0.232786885245902,0.0532786885245902,0.248151191454396,0.459737058340181
"225","E06000017","Rutland",1233.97014634828,3171,1937.02985365172,0.389142272579084,NA,0,"NHS Leicester, Leicestershire and Rutland ","E54000015","Mainly Rural","Predominantly Rural",40476,0.420450461243561,0.591482649842271,0.304416403785489,0.0520504731861199,0.275590551181102,0.448818897637795
"226","E07000189","South Somerset",5830.89511936459,14959,9128.10488063541,0.389791772134808,NA,0,"NHS Somerset ","E54000038","Largely Rural","Predominantly Rural",168696,0.495351348504003,0.59639158035416,0.298028733711995,0.0591379886401604,0.302473262032086,0.387366310160428
"227","E06000060","Buckinghamshire",16344.9479084221,41773,25428.0520915779,0.391280202724778,NA,0,"NHS Bedfordshire, Luton and Milton Keynes ","E54000024","Urban with Significant Rural","Urban with Significant Rural",547060,0.428433971170255,0.602154398563734,0.229802513464991,0.0635547576301616,0.255446492698109,0.437514962892028
"228","E06000037","West Berkshire",4718.57013631274,12026,7307.42986368726,0.392364055904935,NA,0,"NHS Buckinghamshire, Oxfordshire and Berkshire West ","E54000044","Urban with Significant Rural","Urban with Significant Rural",158465,0.440112214587896,0.590776900706273,0.245949314499377,0.0577482343165766,0.266722060656419,0.442874948068135
"229","E07000221","Stratford-on-Avon",4330.09313957902,11020,6689.90686042098,0.39293041194002,NA,0,"NHS Coventry and Warwickshire ","E54000018","Mainly Rural","Predominantly Rural",132402,0.434884972420288,0.599546485260771,0.287528344671202,0.0503401360544218,0.267272727272727,0.443636363636364
"230","E09000019","Islington",5836.74848686549,14840,9003.25151313451,0.393311892645922,NA,0,"NHS North Central London ","E54000028","Urban with Major Conurbation","Predominantly Urban",248115,0.51648773006135,0.595350404312669,0.128706199460916,0.0919811320754717,0.264646464646465,0.368350168350168
"231","E08000015","Wirral",13190.9931112457,33499,20308.0068887543,0.393772742805628,NA,0,"NHS Cheshire and Merseyside ","E54000008","Urban with Major Conurbation","Predominantly Urban",324336,0.542554379694524,0.597164179104478,0.238805970149254,0.0637313432835821,0.324429189673183,0.315326070735711
"232","E07000114","Thanet",5465.45866595964,13847,8381.54133404036,0.394703449552946,NA,0,"NHS Kent and Medway ","E54000032","Urban with City and Town","Predominantly Urban",141458,0.588488745980707,0.59884351282978,0.265992049150705,0.0708348391760029,0.366823274304301,0.297072641850379
"233","E07000177","Cherwell",4578.07516145034,11597,7018.92483854966,0.394763745921388,NA,0,"NHS Buckinghamshire, Oxfordshire and Berkshire West ","E54000044","Urban with Significant Rural","Urban with Significant Rural",151846,0.458934045588369,0.592496765847348,0.22509702457956,0.0651142733937042,0.27801724137931,0.39698275862069
"234","E07000095","Broxbourne",3073.34853223276,7755,4681.65146776724,0.39630542001712,NA,0,"NHS Hertfordshire and West Essex ","E54000025","Urban with Major Conurbation","Predominantly Urban",97592,0.535106649937265,0.60889175257732,0.21520618556701,0.0702319587628866,0.288113695090439,0.359819121447028
"235","E09000024","Merton",5509.32365249571,13893,8383.67634750429,0.396553923018477,NA,0,"NHS South West London ","E54000031","Urban with Major Conurbation","Predominantly Urban",206453,0.460937977951523,0.599712023038157,0.188264938804896,0.0737940964722822,0.270007209805335,0.372025955299207
"236","E06000023","Bristol",13502.7088081027,33973,20470.2911918973,0.3974541196863,1,55,"NHS Bristol, North Somerset and South Gloucestershire ","E54000039","Urban with City and Town","Predominantly Urban",465866,0.498351057723416,0.591256991463056,0.196055342949661,0.0905210479835149,0.274065351780983,0.389608478068884
"237","E08000022","North Tyneside",7872.06546964245,19684,11811.9345303576,0.39992204174164,NA,0,"NHS North East and North Cumbria ","E54000050","Urban with Major Conurbation","Predominantly Urban",208871,0.505631988029428,0.605182926829268,0.231707317073171,0.0619918699186992,0.313326551373347,0.337741607324517
"238","E06000038","Reading",4399.96700454997,10986,6586.03299545003,0.400506736259782,NA,0,"NHS Buckinghamshire, Oxfordshire and Berkshire West ","E54000044","Urban with City and Town","Predominantly Urban",160337,0.487552265709262,0.583978152025489,0.182976786527082,0.0801092398725535,0.277398817644384,0.363801728058208
"239","E09000025","Newham",8662.99881469424,21556,12893.0011853058,0.401883411333004,NA,0,"NHS North East London ","E54000029","Urban with Major Conurbation","Predominantly Urban",355266,0.606958885608664,0.574907235621521,0.105983302411874,0.103432282003711,0.304519119351101,0.25909617612978
"240","E08000006","Salford",8396.93522799344,20892,12495.0647720066,0.401921081179085,NA,0,"NHS Greater Manchester ","E54000057","Urban with Major Conurbation","Predominantly Urban",262697,0.535624934848327,0.581617999042604,0.188367640019148,0.0880804212541886,0.337162000478583,0.294807370184255
"241","E08000009","Trafford",7576.73139955733,18822,11245.2686004427,0.402546562509687,NA,0,"NHS Greater Manchester ","E54000057","Urban with Major Conurbation","Predominantly Urban",237579,0.461041456751395,0.593891102257636,0.217529880478088,0.0653386454183267,0.270119521912351,0.391235059760956
"242","E07000034","Chesterfield",4335.049121656,10712,6376.950878344,0.404690918750561,NA,0,"NHS Derby and Derbyshire ","E54000058","Urban with City and Town","Predominantly Urban",104930,0.552873611053311,0.583099906629318,0.257703081232493,0.0569561157796452,0.323845076994867,0.337377508166122
"243","E09000012","Hackney",6611.31109329543,16322,9710.68890670457,0.405055207284366,1,6355,"NHS North East London ","E54000029","Urban with Major Conurbation","Predominantly Urban",280941,0.550475579981335,0.599816289038579,0.11053276178812,0.119412124923454,0.269855872431769,0.341919656547071
"244","E09000033","Westminster",5492.10056718094,13516,8023.89943281906,0.406340675287137,2,204,"NHS North West London ","E54000027","Urban with Major Conurbation","Predominantly Urban",269848,0.498602541791911,NA,NA,NA,NA,NA
"245","E06000050","Cheshire West and Chester",13309.6672800603,32638,19328.3327199397,0.40779665665973,NA,0,"NHS Cheshire and Merseyside ","E54000008","Urban with Significant Rural","Urban with Significant Rural",343823,0.479517388950476,0.593046408332057,0.253790779598713,0.062030938888038,0.303215926493109,0.36646248085758
"246","E07000128","Wyre",4903.37794368532,11957,7053.62205631468,0.410084297372695,NA,0,"NHS Lancashire and South Cumbria ","E54000048","Largely Rural","Predominantly Rural",113067,0.53974038253196,0.574414715719064,0.313545150501672,0.0597826086956522,0.334586466165414,0.335421888053467
"247","E09000007","Camden",6022.05866437963,14605,8582.94133562037,0.412328563120824,NA,0,"NHS North Central London ","E54000028","Urban with Major Conurbation","Predominantly Urban",279516,0.524768486076823,0.593632317699418,0.153372132831222,0.09380349195481,0.244178082191781,0.397260273972603
"248","E07000207","Elmbridge",3938.57687169426,9517,5578.42312830574,0.413846471755202,NA,0,"NHS Surrey Heartlands ","E54000052","Urban with Major Conurbation","Predominantly Urban",137215,0.38134815694317,0.610294117647059,0.222163865546218,0.0667016806722689,0.243825538623226,0.460851287440883
"249","E07000194","Lichfield",4021.0674992955,9715,5693.9325007045,0.413902985002111,1,9,"NHS Staffordshire and Stoke-on-Trent ","E54000010","Urban with Significant Rural","Urban with Significant Rural",105637,0.479925487617795,0.5870236869207,0.291967044284243,0.0453141091658084,0.287403598971722,0.400514138817481
"250","E07000082","Stroud",4245.9028297931,10255,6009.0971702069,0.41403245536744,1,7013,"NHS Gloucestershire ","E54000043","Urban with Significant Rural","Urban with Significant Rural",120903,0.448413456031158,0.593460224499756,0.279160566129819,0.0522205954123963,0.242202729044834,0.455653021442495
"251","E07000035","Derbyshire Dales",2847.61879293319,6877,4029.38120706681,0.414078637913799,NA,0,"NHS Derby and Derbyshire ","E54000058","Mainly Rural","Predominantly Rural",72422,0.470666584066411,0.606545454545454,0.312,0.0429090909090909,0.260204081632653,0.443877551020408
"252","E07000246","Somerset West and Taunton",5741.63192525284,13842,8100.36807474716,0.41479785618067,NA,0,"NHS Somerset ","E54000038","Largely Rural","Predominantly Rural",155421,0.496113508415969,0.594799566630553,0.305525460455038,0.0523654749006862,0.286799276672694,0.392766726943942
"253","E06000036","Bracknell Forest",3648.21887717219,8770,5121.78112282781,0.415988469460911,NA,0,"NHS Frimley ","E54000034","Urban with City and Town","Predominantly Urban",124165,0.436256169399777,0.599771949828962,0.20581527936146,0.0661345496009122,0.275014293882218,0.414522584333905
"254","E06000057","Northumberland",12988.1189128457,31116,18127.8810871543,0.417409657823812,NA,0,"NHS North East and North Cumbria ","E54000050","Largely Rural","Predominantly Rural",323820,0.514841309275053,0.595437017994859,0.273457583547558,0.0520565552699229,0.319935691318328,0.339871382636656
"255","E07000119","Fylde",3376.42395712532,7954,4577.57604287468,0.424493834187241,NA,0,"NHS Lancashire and South Cumbria ","E54000048","Urban with City and Town","Predominantly Urban",81211,0.491862567811935,0.584798994974874,0.306532663316583,0.0458542713567839,0.29861982434128,0.37892095357591
"256","E07000165","Harrogate",5547.07656297074,13063,7515.92343702926,0.424640324808294,NA,0,"NHS Humber and North Yorkshire ","E54000051","Urban with Significant Rural","Urban with Significant Rural",161545,0.427320884092793,0.593797856049005,0.276416539050536,0.0532159264931087,0.258904634239755,0.448870164687859
"257","E08000030","Walsall",11219.9882489964,26415,15195.0117510036,0.424758214991346,NA,0,"NHS Black Country ","E54000062","Urban with Major Conurbation","Predominantly Urban",286716,0.597873932956712,0.584027252081756,0.218962906888721,0.0730507191521575,0.346838318818629,0.276978417266187
"258","E07000180","Vale of White Horse",4503.87797816411,10595,6091.12202183589,0.425094665234932,1,91,"NHS Bath and North East Somerset, Swindon and Wiltshire ","E54000040","Largely Rural","Predominantly Rural",137910,0.418518905005392,0.595845136921624,0.255429650613787,0.0618508026440038,0.251417769376181,0.452741020793951
"259","E07000094","Winchester",4019.55472680093,9410,5390.44527319908,0.427157781806687,1,80,"NHS Hampshire and Isle of Wight ","E54000042","Largely Rural","Predominantly Rural",125925,0.416938992555351,0.596174282678002,0.257704569606801,0.0706695005313496,0.25,0.475583864118896
"260","E06000019","Herefordshire",7082.47591250822,16577,9494.52408749178,0.427247144387297,NA,0,"NHS Herefordshire and Worcestershire ","E54000019","Largely Rural","Predominantly Rural",193615,0.505692725626321,0.599215922798553,0.299758745476478,0.0554885404101327,0.290196078431373,0.392760180995475
"261","E07000239","Wyre Forest",4087.27673702438,9556,5468.72326297562,0.427718369299329,NA,0,"NHS Herefordshire and Worcestershire ","E54000019","Urban with Significant Rural","Urban with Significant Rural",101139,0.541105864701469,0.594453165881737,0.285190999476714,0.0533751962323391,0.320041972717733,0.343126967471144
"262","E07000133","Melton",1927.64877684696,4505,2577.35122315304,0.427890960454376,NA,0,"NHS Leicester, Leicestershire and Rutland ","E54000015","Mainly Rural","Predominantly Rural",51394,0.469442846395539,0.592222222222222,0.268888888888889,0.0455555555555556,0.279379157427938,0.416851441241685
"263","E07000118","Chorley",4515.67276506463,10541,6025.32723493537,0.428391306808142,NA,0,"NHS Lancashire and South Cumbria ","E54000048","Urban with Significant Rural","Urban with Significant Rural",118870,0.474587090082183,0.577524893314367,0.252726410621147,0.0554765291607397,0.284629981024668,0.384250474383302
"264","E08000010","Wigan",13543.3314330006,31475,17931.6685669994,0.430288528451172,1,3365,"NHS Greater Manchester ","E54000057","Urban with Major Conurbation","Predominantly Urban",330712,0.534481674295098,0.581916415064357,0.234705228031146,0.0665819164150644,0.333651096282173,0.302351445821417
"265","E09000023","Lewisham",8597.97970662081,19957,11359.0202933792,0.430825259639265,NA,0,"NHS South East London ","E54000030","Urban with Major Conurbation","Predominantly Urban",305309,0.527885809530035,0.617735470941884,0.132014028056112,0.092434869739479,0.256821026282854,0.365957446808511
"266","E09000028","Southwark",8111.84336357536,18822,10710.1566364246,0.430976695546454,1,6881,"NHS South East London ","E54000030","Urban with Major Conurbation","Predominantly Urban",320017,0.514539283584828,0.600584639914961,0.121711400478342,0.0999202763752325,0.262948207171315,0.363612217795485
"267","E08000005","Rochdale",8398.09269033503,19414,11015.907309665,0.43257920522999,NA,0,"NHS Greater Manchester ","E54000057","Urban with Major Conurbation","Predominantly Urban",223659,0.573490130011195,0.600154479917611,0.202368692070031,0.0774974253347065,0.335136527563112,0.284389489953632
"268","E07000214","Surrey Heath",2879.49508568546,6598,3718.50491431454,0.436419382492491,NA,0,"NHS Frimley ","E54000034","Urban with City and Town","Predominantly Urban",89204,0.4207676071984,0.592115238817286,0.23805913570887,0.065959059893859,0.25642965204236,0.434947049924357
"269","E07000090","Havant",4946.1340058058,11273,6326.8659941942,0.438759336982684,NA,0,"NHS Hampshire and Isle of Wight ","E54000042","Urban with City and Town","Predominantly Urban",126339,0.544645356323126,0.601507092198582,0.278368794326241,0.0580673758865248,0.33392382639504,0.348095659875996
"270","E07000062","Hastings",3818.14239744698,8665,4846.85760255302,0.440639630403575,NA,0,"NHS Sussex ","E54000053","Urban with City and Town","Predominantly Urban",92554,0.57955500618047,0.597230236583958,0.22735141373341,0.0727062896710906,0.32641291810842,0.327566320645905
"271","E06000024","North Somerset",8268.10462359437,18762,10493.8953764056,0.44068354245786,NA,0,"NHS Bristol, North Somerset and South Gloucestershire ","E54000039","Urban with Significant Rural","Urban with Significant Rural",215574,0.484885944615255,0.592168353755994,0.289025039957379,0.0594033031433138,0.285105249134026,0.40980548894218
"272","E07000210","Mole Valley",3198.62880606416,7254,4055.37119393584,0.440946899099001,NA,0,"NHS Surrey Heartlands ","E54000052","Urban with Significant Rural","Urban with Significant Rural",87547,0.432890875312996,0.599862258953168,0.278925619834711,0.0599173553719008,0.247245179063361,0.46900826446281
"273","E07000181","West Oxfordshire",3962.38060387407,8967,5004.61939612593,0.441884755645597,NA,0,"NHS Buckinghamshire, Oxfordshire and Berkshire West ","E54000044","Mainly Rural","Predominantly Rural",111758,0.433829352673919,0.58974358974359,0.260869565217391,0.0618729096989967,0.260845383759733,0.441045606229144
"274","E08000003","Manchester",17023.8493698905,38214,21190.1506301095,0.445487239490513,NA,0,"NHS Greater Manchester ","E54000057","Urban with Major Conurbation","Predominantly Urban",555741,0.564413749423692,0.585710546977231,0.141716828055483,0.109264590421356,0.318842477412597,0.274060494958753
"275","E07000216","Waverley",4322.70110891186,9641,5318.29889108814,0.44836646705859,NA,0,"NHS Frimley ","E54000034","Largely Rural","Predominantly Rural",126556,0.404591214154973,0.596163815448419,0.252980819077242,0.0715396578538103,0.241826673585885,0.478463933575506
"276","E07000213","Spelthorne",3712.01842097595,8263,4550.98157902405,0.449233743310656,NA,0,"NHS Surrey Heartlands ","E54000052","Urban with Major Conurbation","Predominantly Urban",99873,0.490898217916517,0.603750756200847,0.217180883242589,0.0653357531760436,0.280193236714976,0.389492753623188
"277","E07000209","Guildford",4713.44316756217,10463,5749.55683243783,0.45048677889345,NA,0,"NHS Frimley ","E54000034","Urban with City and Town","Predominantly Urban",150352,0.422829985652798,0.597992351816444,0.234225621414914,0.0803059273422562,0.255268199233716,0.465996168582375
"278","E07000187","Mendip",4466.75062627018,9890,5423.24937372982,0.451643137135508,NA,0,"NHS Somerset ","E54000038","Mainly Rural","Predominantly Rural",116288,0.485823358651131,0.605968639352554,0.27364693980779,0.0505816894284269,0.283981808994442,0.419403739262254
"279","E08000024","Sunderland",13379.6900986556,29217,15837.3099013444,0.457941954980169,1,24,"NHS North East and North Cumbria ","E54000050","Urban with Major Conurbation","Predominantly Urban",277846,0.585314748275044,0.597364818617385,0.235797399041752,0.0672484599589322,0.355810371384563,0.269553311654972
"280","E07000215","Tandridge",3249.1042835668,7073,3823.8957164332,0.459367211023158,NA,0,"NHS Surrey Heartlands ","E54000052","Urban with Significant Rural","Urban with Significant Rural",88542,0.440289708607041,0.610600706713781,0.241696113074205,0.0586572438162544,0.265580736543909,0.443342776203966
"281","E07000145","Great Yarmouth",4550.53693418151,9889,5338.46306581849,0.460161485911771,NA,0,"NHS Norfolk and Waveney ","E54000022","Urban with Significant Rural","Urban with Significant Rural",99198,0.61846713362069,0.590587044534413,0.259109311740891,0.0784412955465587,0.367037411526795,0.266936299292214
"282","E07000032","Amber Valley",5856.4696457491,12558,6701.5303542509,0.466353690535841,NA,0,"NHS Derby and Derbyshire ","E54000058","Urban with Minor Conurbation","Predominantly Urban",128829,0.510998969401898,0.585424133811231,0.263639984070092,0.0509757068896854,0.30091669988043,0.374651255480271
"283","E06000025","South Gloucestershire",11079.0968090947,23652,12572.9031909053,0.468421140245843,NA,0,"NHS Bristol, North Somerset and South Gloucestershire ","E54000039","Urban with City and Town","Predominantly Urban",287816,0.460622687360818,0.594714587737844,0.251797040169133,0.06723044397463,0.272515856236786,0.408245243128964
"284","E07000238","Wychavon",5352.5650326748,11422,6069.4349673252,0.468618896224374,NA,0,"NHS Herefordshire and Worcestershire ","E54000019","Mainly Rural","Predominantly Rural",131084,0.48347165074273,0.600262697022767,0.29816112084063,0.0507880910683012,0.289531318440648,0.402978537012703
"285","E08000011","Knowsley",7751.19571725154,16452,8700.80428274846,0.471140026577409,NA,0,"NHS Cheshire and Merseyside ","E54000008","Urban with Major Conurbation","Predominantly Urban",152452,0.5920875395396,0.596352583586626,0.205471124620061,0.0854103343465046,0.363304981773998,0.23086269744836
"286","E07000179","South Oxfordshire",5291.55934995232,11225,5933.44065004768,0.471408405340964,NA,0,"NHS Buckinghamshire, Oxfordshire and Berkshire West ","E54000044","Mainly Rural","Predominantly Rural",143782,0.413386018830187,0.594919786096257,0.261586452762923,0.054367201426025,0.257474341811691,0.464078536367693
"287","E07000027","Barrow-in-Furness",3000.55441494477,6331,3330.44558505523,0.473946361545533,NA,0,"NHS Lancashire and South Cumbria ","E54000048","Urban with Significant Rural","Urban with Significant Rural",66726,0.532966505646374,0.589581689029203,0.260457774269929,0.0670876085240726,0.32018927444795,0.30993690851735
"288","E09000005","Brent",10873.3485580976,22836,11962.6514419024,0.476149437646595,NA,0,"NHS North West London ","E54000027","Urban with Major Conurbation","Predominantly Urban",327753,0.600580042491485,0.589406872400963,0.162179908076165,0.0873276428102429,0.279395664550033,0.305233194657324
"289","E07000208","Epsom and Ewell",2882.11944695639,6010,3127.88055304361,0.479553984518533,NA,0,"NHS Surrey Heartlands ","E54000052","Urban with Major Conurbation","Predominantly Urban",81003,0.424060534465694,0.592684954280964,0.237738985868662,0.0673316708229426,0.264950166112957,0.436046511627907
"290","E07000064","Rother",4481.06251657539,9329,4847.93748342461,0.480336854601285,NA,0,"NHS Sussex ","E54000053","Largely Rural","Predominantly Rural",96716,0.542753313381787,0.598712446351931,0.340665236051502,0.0547210300429185,0.318817204301075,0.370430107526882
"291","E09000030","Tower Hamlets",8966.15536685822,18551,9584.84463314178,0.4833246383946,NA,0,"NHS North East London ","E54000029","Urban with Major Conurbation","Predominantly Urban",331969,0.535951020001825,0.572545846817691,0.0774002157497303,0.115156418554477,0.286330547317336,0.295227824211378
"292","E07000061","Eastbourne",4580.44634481979,9415,4834.55365518021,0.486505187978735,NA,0,"NHS Sussex ","E54000053","Urban with City and Town","Predominantly Urban",103324,0.567958078449429,0.594795539033457,0.274561869357408,0.0701009028146575,0.330499468650372,0.335281615302869
"293","E07000031","South Lakeland",4384.06525672328,8990,4605.93474327672,0.487660206532066,NA,0,"NHS Lancashire and South Cumbria ","E54000048","Mainly Rural","Predominantly Rural",104905,0.449293912751537,0.607461024498886,0.312360801781737,0.0512249443207127,0.270450751252087,0.424596549805231
"294","E07000211","Reigate and Banstead",5442.80601018178,11153,5710.19398981822,0.488012732913277,NA,0,"NHS Surrey Heartlands ","E54000052","Urban with City and Town","Predominantly Urban",149243,0.429430734013935,0.60627802690583,0.217937219730942,0.0713004484304933,0.265232974910394,0.427867383512545
"295","E07000188","Sedgemoor",5506.56177647162,11243,5736.43822352838,0.489776907984667,NA,0,"NHS Somerset ","E54000038","Largely Rural","Predominantly Rural",123446,0.525285693084001,0.590120160213618,0.283489096573209,0.0640854472630174,0.30786317192359,0.364282541092848
"296","E07000212","Runnymede",3320.43215037609,6609,3288.56784962391,0.502410674894248,NA,0,"NHS Frimley ","E54000034","Urban with Major Conurbation","Predominantly Urban",90327,0.466014122509903,0.602573807721423,0.22331566994701,0.0908402725208176,0.2821482602118,0.417549167927383
"297","E07000088","Gosport",3654.280932563,7249,3594.719067437,0.504108281495792,1,5444,"NHS Hampshire and Isle of Wight ","E54000042","Urban with City and Town","Predominantly Urban",84679,0.540031178664885,0.59448275862069,0.249655172413793,0.0682758620689655,0.316804407713499,0.347107438016529
"298","E09000015","Harrow",10275.6316640499,20035,9759.3683359501,0.512884036139251,NA,0,"NHS North West London ","E54000027","Urban with Major Conurbation","Predominantly Urban",252338,0.512717253073336,0.576347305389222,0.207085828343313,0.0718562874251497,0.263538807087597,0.355378088345396
"299","E07000217","Woking",4069.53783958088,7911,3841.46216041912,0.51441509791188,NA,0,"NHS Surrey Heartlands ","E54000052","Urban with Major Conurbation","Predominantly Urban",100008,0.437893669908536,0.580278128950695,0.211757269279393,0.0771175726927939,0.261528742893241,0.419456727732154
"300","E06000006","Halton",7137.55337821536,13729,6591.44662178464,0.519888803133175,NA,0,"NHS Cheshire and Merseyside ","E54000008","Urban with City and Town","Predominantly Urban",129759,0.567767073584872,0.58645795413178,0.218420094648708,0.0884601383327266,0.34521644234267,0.275736631502364
"301","E08000018","Rotherham",13848.2292901079,26313,12464.7707098921,0.526288499605058,1,8605,"NHS South Yorkshire ","E54000061","Urban with Minor Conurbation","Predominantly Urban",264984,0.564160631994733,0.591980235651843,0.243633599391866,0.0598631698973774,0.353399164451196,0.28636536270414
"302","E07000030","Eden",2560.97456610485,4780,2219.02543389515,0.535768737678839,NA,0,"NHS North East and North Cumbria ","E54000050","Mainly Rural","Predominantly Rural",53754,0.481209117133222,0.594989561586639,0.280793319415449,0.058455114822547,0.267295597484277,0.420335429769392
"303","E08000037","Gateshead",10089.374431626,18802,8712.62556837399,0.536611766387938,NA,0,"NHS North East and North Cumbria ","E54000050","Urban with Major Conurbation","Predominantly Urban",201950,0.551938785829054,0.590159574468085,0.237234042553191,0.0720744680851064,0.330409356725146,0.304625199362041
"304","E08000013","St. Helens",11014.2581900137,20524,9509.74180998629,0.536652611090124,NA,0,"NHS Cheshire and Merseyside ","E54000008","Urban with Major Conurbation","Predominantly Urban",181095,0.558182020169602,0.586702386751096,0.231368728689722,0.0752557233317097,0.336821611097591,0.29423217327817
"305","E07000026","Allerdale",4858.83340484634,9011,4152.16659515366,0.53921134223131,NA,0,"NHS North East and North Cumbria ","E54000050","Mainly Rural","Predominantly Rural",97831,0.51934141404953,0.600110926234054,0.271769273433167,0.0565723793677205,0.310383120488617,0.345363686840644
"306","E08000023","South Tyneside",8077.71887417593,14882,6804.28112582407,0.542784496316081,1,8060,"NHS North East and North Cumbria ","E54000050","Urban with Major Conurbation","Predominantly Urban",151133,0.56674037518122,0.605378151260504,0.232605042016807,0.0709243697478992,0.339381720430108,0.283266129032258
"307","E06000027","Torbay",9262.22740922703,14906,5643.77259077297,0.621375782183485,NA,0,"NHS Devon ","E54000037","Urban with City and Town","Predominantly Urban",136218,0.578737657554688,0.590010056989608,0.290982232651693,0.0680522963459604,0.348190348525469,0.301608579088472
"308","E07000140","South Holland",5655.66482481551,8526,2870.33517518449,0.663343282291286,1,5595,"NHS Lincolnshire ","E54000013","Largely Rural","Predominantly Rural",95857,0.559565633982753,0.585580304806565,0.288393903868699,0.0691676436107855,0.350352112676056,0.320422535211268
"309","E09000020","Kensington and Chelsea",6194.99020116517,9339,3144.00979883483,0.663346204215137,NA,0,"NHS North West London ","E54000027","Urban with Major Conurbation","Predominantly Urban",156864,0.47410441959213,0.606206527554842,0.170679507758159,0.0813269127875869,0.249465811965812,0.396367521367521
